Date,BTC,BTC Available,BTC Collateral,BTC USD,ETH,ETH Available,ETH Collateral,ETH USD
2/5/2018,47274.74,7691.28,4608.59,158068.71,87108.87,152983.7,107004.62,160690.73
7/8/2016,40418.84,2446.71,7211.64,91610.33,111270.4,170555.64,177246.24,181991.66
6/14/2017,27799.93,8879.36,8746.27,151759.37,133796.96,105888.42,183311.26,161948.52
2/28/2018,29346.62,8436.28,2943.32,135302.92,119816.0,191094.29,135533.48,147190.16
8/8/2017,21195.68,8397.53,7219.09,157260.27,129496.05,194486.73,192366.15,127416.6
12/23/2016,18556.49,2413.55,2528.3,110485.04,106773.2,105692.44,104068.44,160294.5
1/16/2018,42853.96,6930.02,8753.33,140980.7,108121.94,190091.34,123932.12,145923.77
3/15/2018,22880.12,7416.68,6469.3,120873.66,161411.69,83320.19,87627.45,100104.29
10/9/2016,8095.68,2496.36,6866.99,181213.99,141671.92,122191.49,146361.07,80352.75
11/16/2016,45864.41,837.65,6805.95,99873.81,190819.81,193643.62,188670.41,98870.15
10/4/2017,28755.13,9968.04,2662.64,84499.4,102164.89,167757.31,128173.2,122181.63
5/31/2016,2312.58,10755.96,6491.71,138743.83,153591.82,155050.86,136108.35,149572.45
5/11/2018,41966.71,4059.58,1541.18,180587.92,134722.0,134826.66,192884.19,108087.44
4/7/2017,39878.16,2751.48,2299.23,168993.14,153575.44,,,104424.77
6/23/2017,34300.36,3360.75,7130.34,168723.72,124378.35,91613.23,171035.12,112097.56
9/25/2017,16735.63,11778.72,7361.41,142725.71,168676.19,148716.51,152279.81,166411.71
12/2/2017,16386.64,1723.82,8627.39,195415.63,136804.4,,,156255.57
4/15/2017,20242.64,8506.18,7221.15,120665.3,129205.95,108977.48,156386.93,169157.46
10/21/2016,12221.69,9939.71,1484.77,198284.92,143606.53,,,97596.91
5/25/2016,20093.32,11089.19,6932.09,176112.39,101694.86,90256.84,100042.92,158012.42
11/2/2017,12497.38,7249.34,2178.01,87870.68,80440.12,185957.52,175292.69,128259.74
4/19/2017,28121.63,7326.69,3652.96,144873.62,109361.11,102138.12,92742.86,152657.71
10/29/2016,43330.64,,,110954.0,127203.24,87867.07,94517.26,180002.6
1/13/2018,44786.86,6610.82,1924.21,111229.09,94692.88,186393.51,142569.2,83072.12
8/7/2017,42871.16,8692.02,8453.26,84476.72,172229.62,135690.69,183472.07,147152.91
1/4/2017,47584.85,2058.34,3801.65,98452.76,158307.0,90937.68,85046.48,94150.28
4/16/2018,11048.07,3165.79,1036.52,98455.85,121647.32,181582.58,98112.88,164739.32
6/12/2017,26922.84,10894.55,5436.89,103050.47,82182.21,186641.59,167736.96,97838.45
9/24/2016,43396.54,,,141330.88,148498.26,192055.4,165306.73,138024.35
8/6/2016,19471.76,3942.06,3688.32,150882.22,159502.15,80344.47,84220.01,109949.49
8/4/2016,41659.22,11842.85,2457.75,198096.93,132545.46,103716.52,162311.6,112041.77
11/6/2017,5520.5,7351.99,4238.31,106142.27,154357.08,185069.05,145223.57,148309.71
10/31/2016,40547.87,6180.03,6579.42,119062.37,152763.32,168188.93,146121.41,147459.67
10/15/2017,17860.07,11608.71,5131.31,133587.4,176803.05,147299.98,174349.21,167529.42
5/14/2018,9249.14,,,133687.06,128669.28,158195.6,145400.93,155836.56
2/7/2018,27762.83,6480.98,7472.64,136117.76,111601.42,165883.55,122156.79,187207.1
1/26/2018,38162.31,10357.14,4654.29,128903.55,139744.98,,,118261.08
9/13/2016,11034.91,1241.09,1021.98,147726.34,182318.26,137837.63,128792.66,114753.68
3/24/2018,5056.21,6647.3,7071.16,160580.62,134854.29,86878.81,146653.56,138863.18
8/31/2017,40429.83,793.3,2649.54,86230.66,121330.77,109992.87,173070.18,142622.15
10/15/2016,41158.3,11372.92,9633.6,166724.62,131958.57,180430.73,109463.98,169747.13
5/15/2017,1656.79,11541.32,2551.44,176559.06,198100.63,159199.7,93305.53,133903.41
5/27/2017,3882.46,8022.83,9421.55,92823.98,140065.32,116722.91,178089.56,140119.0
8/17/2016,6207.71,8960.2,9743.98,159033.45,193371.07,98707.46,157596.06,98386.45
2/5/2017,6408.61,5014.06,9346.37,171027.42,114479.34,,,132984.49
6/4/2016,26287.15,10697.59,8248.45,171203.27,88100.78,87573.36,183512.2,86594.89
7/21/2016,32950.13,,,154980.23,163695.87,141074.04,117198.26,133320.61
5/21/2017,32076.27,7213.23,7695.05,115233.23,102683.64,132133.18,117553.86,88162.56
1/22/2018,18944.75,11347.93,8800.08,179227.67,146298.6,83892.39,94363.22,186255.71
9/28/2016,5095.57,10981.95,2947.25,161873.12,102781.84,192094.31,141550.56,156332.24
8/11/2017,2670.92,10930.8,5181.58,156733.74,120585.0,91663.47,159736.29,89294.02
5/13/2018,17025.95,5817.64,8368.83,154514.57,98063.65,153241.55,190867.49,164978.77
6/2/2016,6166.07,1214.08,1973.78,91182.07,159770.88,,,118630.45
5/23/2016,36967.91,6793.94,8417.51,140384.2,191823.96,181201.96,167736.45,168460.63
4/12/2017,36670.66,1555.22,3238.46,182985.88,95560.48,157280.94,105101.89,187737.22
12/29/2016,15005.31,3786.0,6065.39,190727.23,155349.07,130220.74,148466.88,197684.96
12/3/2017,24664.3,5040.86,4901.29,137291.1,135462.58,134915.34,85013.02,112038.28
9/21/2016,7128.62,660.74,5108.92,189407.2,135459.68,121790.27,123711.34,152100.15
3/1/2018,49268.29,10579.64,6062.62,165327.27,141239.5,116134.32,95356.65,171384.76
12/22/2016,24659.63,2831.56,4427.71,175194.21,134442.91,111059.6,109556.41,95210.04
10/25/2016,12328.1,6768.61,1509.62,198426.68,133588.04,111074.39,161760.52,154704.6
2/13/2018,18893.84,9452.16,1244.15,139236.03,96385.23,118586.96,157460.83,82449.18
10/4/2016,2001.1,3931.78,7388.65,148543.66,146490.74,196665.33,172997.03,110826.52
3/24/2017,47379.33,8727.43,8534.0,125380.31,143227.73,169815.12,126499.52,155292.59
11/6/2016,40468.91,,,106613.78,80656.7,123989.43,124192.48,181642.67
8/11/2016,46275.72,10487.48,7137.67,196014.79,96443.38,167285.5,192561.61,87289.21
9/11/2017,34990.14,2275.28,7006.18,97435.1,199744.96,122221.7,105023.98,119509.48
2/28/2017,7744.86,10085.25,3710.19,198912.24,136679.86,95340.0,119183.29,82260.74
1/22/2017,22721.86,622.41,1973.58,144562.42,118006.28,159617.8,194224.75,95754.77
1/17/2018,2824.72,,,192918.07,178084.0,94141.2,157695.49,117973.78
5/10/2017,30929.92,3872.75,3836.83,84320.54,142456.16,179786.44,172799.03,151141.58
9/7/2017,1260.26,2827.1,7650.1,168522.92,124260.35,93303.15,112084.5,94170.64
8/8/2016,18525.55,2668.77,5150.98,89147.59,112135.36,109192.2,196348.08,169590.57
9/18/2017,48935.25,5135.5,8628.75,110823.7,97441.87,192979.7,177571.38,109629.37
2/21/2018,14831.34,,,150954.53,151487.94,170541.48,97740.95,95343.7
10/9/2016,36730.9,6133.52,4776.91,90456.82,131611.47,146237.63,131555.22,119193.81
5/11/2018,31879.5,11315.17,6958.27,141200.03,105002.57,127703.72,95822.6,96765.93
8/30/2017,5242.37,,,180372.57,118179.13,186102.32,147961.89,146968.99
3/20/2017,2934.82,3105.59,8261.6,128021.55,127121.36,191045.98,116811.38,138285.75
11/28/2016,11512.02,2760.94,4353.94,154155.43,96358.89,156967.19,132738.47,142541.87
3/10/2018,1291.35,9528.33,9362.47,91283.91,114128.97,100734.34,117327.85,161679.62
6/28/2016,39218.01,8531.12,9969.12,177495.25,83629.75,,,181236.79
9/11/2017,34400.45,1096.77,1952.76,102976.72,117947.22,,,155730.6
2/16/2017,48056.26,6485.88,1841.65,116260.69,191926.93,162771.06,81402.35,173395.35
4/19/2017,26435.38,7762.87,4619.62,91160.84,176777.25,195349.1,101886.25,171801.92
6/21/2016,32371.7,5424.28,2365.52,142386.41,80353.51,93551.17,193407.12,133712.01
9/8/2016,7157.65,4087.09,8525.66,134007.86,104049.57,138509.18,80489.7,124803.61
8/10/2017,36081.09,2979.86,1374.92,92507.24,91086.94,141833.37,119918.36,85727.86
10/17/2016,40047.34,11441.53,6433.49,197068.41,105926.95,,,116422.44
6/19/2017,35530.46,7358.08,8686.81,170586.0,185951.17,159205.15,184598.73,83472.84
8/12/2016,47450.15,3289.86,6153.6,136159.6,170729.21,115752.3,198042.38,174240.67
10/16/2017,40015.08,7264.33,8191.06,107671.96,173359.92,139764.45,123704.38,150683.45
12/28/2017,23091.43,,,85552.48,196911.65,101722.37,166261.41,165693.33
10/21/2016,8919.58,11543.09,5940.19,194217.98,159272.77,152060.69,140067.31,109619.12
3/5/2018,4863.5,6283.55,5555.52,116271.59,100388.27,172098.64,117460.8,193934.28
1/8/2018,19400.54,2725.08,4863.16,157334.0,137725.88,140298.94,107824.63,85811.14
8/15/2017,11131.01,8079.2,8452.55,87553.0,144816.26,95346.39,176326.03,175017.85
4/3/2018,21224.3,6705.91,1638.75,104973.47,90835.65,112186.9,162368.37,127464.49
4/2/2018,13966.87,10387.56,6205.72,196596.08,90053.04,172498.72,117938.42,111676.67
9/7/2017,38072.92,,,94163.62,136782.73,109273.48,192009.64,118009.21
3/1/2018,7931.99,6161.67,6387.75,177981.37,103656.32,96532.54,116045.16,158694.8
6/24/2017,45990.45,10407.99,7583.52,144408.48,160110.0,126279.47,110844.43,172728.26
8/18/2017,31572.97,6391.12,7548.85,102189.67,119945.81,,,175187.12
4/23/2017,15999.05,10041.21,5184.17,188567.1,164437.81,161352.55,102740.95,158574.82
5/25/2016,2404.98,4891.02,9104.73,172269.67,114277.77,96364.55,90564.98,114948.95
12/19/2017,44203.03,4386.69,3036.88,100790.77,124062.14,81379.6,85244.16,140843.47
7/26/2016,38555.14,11941.21,8358.43,151858.19,101612.22,135461.58,111712.28,156864.87
11/12/2016,38235.83,6592.53,7497.01,118267.65,107039.94,128509.1,140504.84,121930.97
12/3/2016,8034.7,6702.73,2884.89,121186.87,95498.63,161914.6,183700.65,82425.1
8/5/2017,20118.91,9887.21,4565.59,111744.0,123564.64,140826.17,197980.4,97890.39
9/7/2017,19389.17,,,178172.42,106958.08,97892.41,158781.83,174412.81
9/27/2017,23630.66,3457.17,2382.9,87273.27,98173.92,163933.73,146978.83,164749.55
10/8/2016,18075.99,11857.36,4460.93,159520.86,137575.62,163594.47,161080.97,104847.67
9/2/2017,4055.27,9116.07,5686.54,137997.04,143604.28,,,80113.2
3/1/2018,10117.25,4640.65,5365.89,126707.04,99874.24,128377.59,103113.01,150952.17
2/25/2018,32472.76,11300.02,6212.09,134224.26,139701.09,102857.75,192580.57,90468.97
9/23/2017,11515.56,5462.1,5807.65,174159.24,195087.97,89630.57,113024.03,166854.0
6/10/2017,37863.31,11266.19,3943.27,197122.44,179531.86,97314.35,155359.81,115144.37
7/11/2017,6940.44,6728.85,3194.15,98650.96,188376.54,103149.18,195163.77,85545.18
8/15/2017,13829.01,9943.36,1321.93,128288.1,124228.08,128537.51,189148.76,111287.96
3/7/2018,3837.82,1107.76,6349.43,173244.82,172274.25,187177.74,112719.67,100430.41
11/12/2016,32917.92,10209.08,7120.81,167204.88,188268.41,162271.15,138094.37,121984.08
12/11/2017,28804.05,4603.44,1036.12,97617.98,150941.23,167587.93,138266.86,98995.39
2/19/2017,32319.51,4115.69,4204.16,132063.52,120648.63,93409.01,181835.44,152796.76
5/1/2017,2406.68,5417.07,2337.03,108512.24,106635.29,147759.05,173886.37,135871.27
10/1/2016,8100.41,5966.86,9141.51,168484.24,145465.75,107894.22,88996.66,162607.81
3/15/2018,26872.35,11942.04,7377.6,94075.96,174273.8,100797.26,128665.67,93109.96
5/4/2017,7196.63,9728.96,6112.85,126923.53,172338.81,146940.51,142981.36,145540.61
2/16/2018,26243.71,1597.41,3323.47,190519.62,103860.98,157182.61,163035.18,137915.96
3/19/2017,47820.44,2001.66,3065.94,111300.24,140754.24,153879.61,180327.87,195474.5
6/4/2016,5101.82,1540.41,4591.15,118848.38,197040.46,169935.61,80451.31,82338.07
1/22/2018,4159.88,1139.26,1682.15,180859.77,94283.92,186065.89,165358.02,193703.26
11/14/2017,2555.06,4161.62,5253.54,192041.83,97863.36,184943.51,138581.0,119044.07
3/23/2017,9650.95,6820.05,1690.44,146729.8,152385.44,91048.34,117296.89,134821.9
5/7/2018,5220.66,11583.36,8824.34,183842.09,137579.51,154411.63,152687.72,118951.29
8/3/2016,28009.72,11761.15,3680.12,127234.32,135415.16,172096.21,139845.74,169925.42
2/20/2017,35544.5,8984.26,1527.87,92998.73,149704.25,138545.12,88728.63,109595.08
12/13/2016,49637.01,924.31,6780.26,146576.67,176395.78,197147.68,115263.92,189878.22
9/7/2016,14847.95,11446.45,9253.48,114070.95,181558.05,152694.67,100310.47,138076.06
2/20/2018,13262.62,11909.2,1953.97,86958.64,96605.02,183514.39,97603.32,136544.65
4/21/2018,40978.36,3416.81,9425.98,153985.11,126593.94,171854.74,136292.53,132157.62
8/25/2017,18881.72,6532.72,7410.19,82355.0,99748.8,114499.07,132407.74,182437.0
1/29/2018,32325.51,10377.89,9463.54,184571.52,161197.65,163760.45,179429.45,143312.9
5/1/2018,8639.32,4727.64,9632.6,166938.69,82794.0,156377.45,189399.34,137274.47
5/5/2017,2693.46,5734.89,5740.77,132608.83,157324.38,80659.76,163875.58,158338.73
4/22/2018,13056.53,6377.15,5764.03,183435.68,109940.23,184712.06,108639.12,119000.96
10/10/2017,17965.87,8861.56,5491.38,190293.02,188285.88,112622.91,148632.81,105522.15
10/24/2016,26571.1,1135.78,5995.62,91323.75,108196.72,167399.68,154561.89,141203.66
8/17/2016,43471.96,9771.84,4904.11,180105.33,88065.52,101211.16,163287.99,91251.9
7/9/2017,5845.71,9471.45,1180.27,104447.19,137721.3,133392.01,119649.96,106811.97
7/15/2016,9979.86,8186.44,2659.54,135218.62,192497.04,,,140031.02
11/9/2017,49334.14,5000.73,3936.64,196362.24,98932.15,121837.0,139083.7,115110.52
7/22/2016,28176.91,7597.38,9831.13,163694.99,183327.79,108529.13,114592.22,149501.45
5/1/2018,14532.91,8108.7,7088.18,154311.79,163136.31,172959.88,89724.86,148636.86
11/3/2016,9673.46,10840.3,6871.85,124072.71,151049.88,181856.15,110256.7,158645.03
1/7/2018,22397.86,2844.58,7729.15,147166.04,193271.33,157433.25,114795.11,84790.47
4/18/2018,11478.43,544.09,9179.68,126891.53,100360.13,181603.03,170797.31,148346.33
1/10/2018,29050.91,4778.83,3632.37,188478.07,186026.31,101884.32,138702.37,108859.75
2/14/2017,1342.31,9944.55,2237.35,161261.66,141279.85,186886.16,85741.48,151813.54
5/12/2017,10289.67,755.63,4012.15,140480.98,186087.49,179184.23,198905.05,196040.42
11/29/2017,28463.04,1762.35,4888.43,92359.07,116264.23,149573.7,195629.13,149241.81
9/18/2016,21861.12,9620.36,2041.34,109778.71,104331.71,140547.15,169477.76,92042.38
4/24/2018,48115.85,11280.9,9791.5,83033.59,103574.03,,,85445.91
11/2/2017,41892.59,8040.39,2738.53,102218.52,165021.59,100099.05,107023.0,91067.64
7/16/2016,18908.82,1177.43,7017.8,138445.35,187467.94,184696.91,135401.21,97460.22
3/31/2018,43128.74,2414.33,8267.89,150822.33,174737.38,190590.68,87984.26,99140.62
7/11/2017,29735.31,6860.35,4340.31,153521.37,153814.53,81743.61,150810.06,130834.09
2/7/2018,4122.21,3176.93,8331.67,175428.74,157069.49,125572.66,86759.0,187061.72
12/25/2016,26225.44,8872.11,7889.12,154311.18,179391.84,199799.01,121137.69,130230.1
4/12/2018,6828.27,510.94,2872.23,107526.69,99731.63,100333.77,127637.18,156171.38
2/11/2017,43945.28,5633.99,7046.07,87847.97,153994.35,143763.13,97427.13,93970.33
11/24/2017,11677.89,7613.18,8259.56,196787.42,139475.72,171182.16,146051.99,83423.32
11/5/2017,3217.85,3791.76,5035.11,107585.69,102735.86,108927.96,139798.02,89999.62
3/28/2017,24226.84,654.47,3286.79,166135.32,106503.17,101930.23,196238.83,121173.41
4/8/2018,44669.52,7788.93,5573.33,116022.69,186543.56,185768.96,163542.2,125177.82
10/10/2016,43113.69,7186.95,9764.16,143306.83,135884.72,98316.04,105735.42,99767.0
7/18/2017,30790.69,3429.37,5474.9,122661.51,185051.14,157478.05,134394.94,122208.2
2/17/2018,7636.99,957.35,3494.08,119569.47,114385.64,99551.0,105314.98,173326.31
12/11/2016,7280.54,10771.36,5557.52,103126.55,185311.47,97127.77,126589.31,113339.86
11/13/2016,34260.78,1462.28,5634.48,189429.32,154299.77,91807.36,87641.97,170562.15
5/11/2018,12387.14,920.52,5873.89,195905.48,186194.26,199787.21,128755.77,116858.15
10/15/2017,13827.46,1193.21,2731.02,140656.26,154764.74,162425.6,144605.86,179406.0
10/9/2016,33797.84,2341.95,4574.7,110429.87,154607.7,198339.58,154571.19,178399.22
9/11/2017,43718.5,3504.85,2597.66,148688.26,155182.61,198777.27,91457.52,155297.42
7/20/2016,33795.79,1762.15,8765.66,179481.54,197807.92,157593.05,199988.42,140713.38
11/16/2017,17491.61,9248.65,3513.88,129265.5,85890.75,165704.97,186893.06,126369.36
4/14/2017,43615.05,1649.55,2712.74,194157.85,186405.28,132232.54,96546.84,153800.61
6/2/2017,29190.73,9321.42,4574.36,179926.74,83675.05,133418.66,122627.95,88205.01
5/18/2018,5184.85,7751.12,6696.11,157968.95,125777.05,83030.91,167144.62,156058.27
6/1/2017,32091.11,8907.36,7751.27,136808.43,90255.98,119159.43,186025.36,125803.47
2/13/2017,30037.12,8642.37,6463.9,88917.93,141484.2,143712.37,153844.48,120784.99
11/30/2017,6291.95,3890.92,6554.72,122957.48,135675.6,170011.6,177901.48,121870.95
9/26/2017,10294.93,9578.46,6398.63,126725.0,95896.0,163530.5,132623.39,82793.33
1/25/2018,48703.73,3784.01,2518.07,112670.67,157237.29,144022.49,199559.22,110328.57
11/10/2017,9872.73,9479.07,9274.56,160949.6,111921.53,86299.38,112352.69,134764.76
10/7/2016,34494.77,7116.88,8149.5,190838.0,144409.4,101929.83,171402.96,126903.11
1/31/2018,9277.12,5086.41,2646.97,135235.0,147885.59,154562.46,150898.73,81123.7
8/23/2017,26499.77,5666.97,7614.41,144616.64,198336.24,150744.91,179573.84,104310.24
6/15/2017,33396.73,7253.24,8334.16,108127.05,116063.0,192105.82,93052.41,139686.36
7/27/2017,47942.03,8011.17,7632.42,134588.88,180962.23,124515.75,103040.33,82850.4
6/26/2016,32722.82,11696.98,6151.62,176697.29,138866.15,161183.57,159109.15,99048.94
2/21/2018,45509.71,1740.09,4885.0,179928.41,178188.98,115348.89,186593.51,192397.23
10/24/2017,17386.73,,,84701.81,98035.45,144996.46,193522.56,125257.44
4/7/2018,27046.77,2072.94,9384.69,185178.54,90254.24,,,108703.9
9/19/2017,47926.94,11140.51,2252.44,152468.01,164591.51,89142.29,105524.14,86550.74
3/30/2017,14378.96,4222.64,7381.61,86300.36,115633.36,178084.08,189128.82,131795.82
7/23/2017,44171.54,10054.94,6160.98,94499.75,162414.04,105360.99,120485.82,116013.61
6/6/2016,4200.96,824.72,9524.08,102090.4,150211.36,166285.92,152377.0,130062.95
1/22/2017,23259.92,10039.49,5905.33,83824.08,181800.23,107039.12,172703.88,122420.58
2/21/2018,16238.73,7205.39,6026.09,137599.49,143090.11,127524.18,100904.66,100353.91
7/29/2017,38148.58,5261.7,9319.33,172426.2,103239.72,150196.42,110225.54,144487.33
11/1/2017,47409.73,4809.46,9130.57,128554.64,88156.53,154840.27,163180.3,177701.99
4/15/2017,38787.65,2041.21,9589.26,95638.35,113178.75,98705.51,145474.25,107430.01
7/24/2017,24542.92,905.24,5567.57,159589.19,111335.83,83495.36,199266.51,83230.72
11/24/2017,33194.99,967.55,4641.39,127196.82,194161.59,99162.11,125902.29,198713.9
2/13/2018,48153.45,6482.43,9476.59,174782.48,163622.44,139215.08,127808.95,97170.48
11/25/2016,38968.25,7956.65,2480.03,126532.0,175200.01,115282.48,151335.33,156043.68
7/21/2016,28938.89,10974.46,8509.27,129353.46,158172.24,173504.19,103487.07,128720.66
1/23/2018,31268.67,2527.67,4320.47,111545.0,95545.84,152449.32,176817.61,123391.41
2/13/2018,10624.42,2361.14,8979.58,178761.0,198847.84,135560.02,196500.12,193356.92
3/28/2018,37965.97,3573.17,3293.92,197889.93,175413.18,91420.21,139568.98,154731.34
12/8/2016,38761.82,7130.64,4519.31,142207.66,146876.05,109950.47,159729.39,102917.54
6/3/2017,25245.04,4874.8,5754.46,82582.46,156225.05,134833.47,100130.07,129383.14
9/23/2017,24635.26,6026.37,3743.16,162039.69,185204.91,181229.89,107430.64,148629.67
4/24/2017,35235.9,1376.51,2513.28,168136.75,138441.01,141266.92,129670.52,133749.76
12/5/2017,28815.83,1332.07,8165.86,81751.54,133224.87,192529.62,82045.97,143446.47
2/22/2018,19901.1,10038.45,5230.19,102005.0,118501.3,154624.08,154903.62,189587.87
6/23/2016,15475.16,8268.03,3086.81,113816.73,120916.58,131095.81,118483.77,151107.5
7/7/2017,2055.52,1037.9,9435.61,126095.69,112228.03,122577.76,143201.39,132935.95
2/11/2017,39570.91,5235.95,4470.45,136235.4,83565.99,193259.22,170570.51,111177.64
8/23/2016,46126.58,3743.66,8214.78,142075.07,147579.22,84732.79,153466.0,95625.27
3/24/2018,16406.27,4056.25,4331.14,183671.81,175910.82,84641.57,183013.94,141578.55
5/27/2016,16116.5,11804.95,7038.06,147016.75,172961.86,,,195374.48
7/28/2017,5306.95,3689.48,7081.75,144520.82,183947.35,97110.05,82240.0,161749.0
9/19/2017,42657.14,9769.71,6171.67,125521.18,160960.24,127574.43,185181.96,86493.3
8/3/2016,5473.42,3477.18,5433.27,167819.94,162394.75,86428.31,185565.24,160337.68
1/2/2018,26662.13,7590.99,5486.09,188912.05,107587.12,81264.51,173619.27,120778.01
8/29/2017,22358.41,7654.94,2857.91,157827.44,183724.8,,,107404.73
6/20/2016,14888.13,6043.76,6590.95,164773.14,146213.65,173205.63,170496.52,181161.4
6/21/2016,22301.26,8530.95,2402.4,186181.17,175665.59,132321.39,86425.96,154295.82
2/23/2017,26075.9,6154.05,7448.33,183464.93,112761.26,112681.48,119244.37,97823.17
3/19/2017,9186.44,8378.07,2635.91,146978.0,137221.47,130583.54,134432.7,110558.4
3/22/2017,31333.25,9310.3,2077.34,192391.63,107088.71,136449.21,159942.96,166665.73
2/14/2017,18459.77,875.04,5668.93,156704.77,138994.83,,,107737.19
2/17/2017,24722.95,11035.81,8600.13,186424.8,87390.75,124164.39,107283.25,111596.57
1/31/2017,43645.53,11070.14,4062.07,113166.45,141686.98,102552.59,124489.35,196797.63
7/31/2017,9732.01,3196.21,3753.25,196830.49,150741.49,160373.55,86275.68,134929.16
3/16/2017,37290.33,5643.64,5557.39,128451.49,168597.86,171051.3,179867.71,190749.0
8/21/2017,35004.04,10400.19,8087.11,140731.01,162387.86,146722.23,159363.65,183930.66
8/27/2016,22098.38,8402.94,1234.4,176695.65,82634.19,157562.99,151917.21,157735.58
3/12/2017,45721.82,8628.58,7133.36,199004.63,199561.99,,,182817.93
11/5/2017,31794.51,3617.0,4842.27,113175.0,143273.34,158248.78,176872.24,158624.35
1/25/2018,4566.41,9445.37,5200.35,85089.9,156029.33,197530.36,140958.17,176598.26
9/30/2016,8955.52,3783.16,3596.07,101623.0,110357.24,111245.74,127214.09,92413.93
8/25/2016,18484.71,5983.84,8928.11,90577.87,156458.18,142336.64,144146.46,110217.14
4/8/2018,1975.53,10916.34,3255.46,89058.59,155714.64,,,81199.48
11/20/2016,18921.65,7342.59,7313.43,114548.22,164860.0,157052.68,88269.59,184115.63
11/2/2016,29211.49,2763.34,4516.8,152800.89,147671.72,193027.31,164064.4,178582.01
8/12/2017,12406.66,5508.69,5077.35,129913.38,164364.59,116916.76,92804.14,84728.76
8/15/2016,44516.41,5397.92,9211.8,121228.78,97696.22,,,167388.66
6/26/2017,9067.54,10055.75,5432.96,108300.01,169707.68,135989.64,98956.94,145721.56
9/3/2016,11721.99,1574.98,1167.22,124794.75,102417.24,117092.75,138598.3,82246.01
3/22/2017,17237.45,8435.81,2798.91,193377.0,191611.77,88748.29,80565.97,157644.52
11/15/2016,36162.32,2105.95,7996.31,118992.54,115665.41,135415.61,82303.39,92470.88
12/9/2017,10546.47,1757.67,4800.29,89319.56,131567.4,101119.68,176750.33,117675.96
4/22/2018,49199.28,,,83127.55,172489.62,96836.0,128070.24,176355.26
10/27/2016,29756.98,5575.11,3653.03,119113.92,188819.16,182549.25,85140.58,89475.85
1/4/2017,2073.75,2568.32,2131.45,122764.94,110647.13,192466.51,148626.44,155316.71
12/10/2017,12601.21,,,99607.64,176604.71,129174.12,119602.61,153068.83
5/7/2018,22138.72,6516.06,6819.55,114032.0,164317.96,89028.7,162101.29,132156.56
9/7/2016,11095.27,4177.28,3737.69,168702.0,154223.24,88966.13,140661.73,131630.88
11/22/2017,35535.0,7557.12,1327.66,119435.09,106807.62,162031.94,98134.21,96673.9
1/3/2018,14392.14,5869.77,2455.42,177674.15,86255.73,,,171982.08
2/24/2017,5756.26,7630.39,7233.06,166937.3,110973.32,174334.94,96753.53,158034.44
10/20/2016,43948.81,,,189888.24,185728.56,103105.04,196773.88,197388.39
8/9/2017,37926.52,908.26,1542.75,195301.94,133759.41,93366.44,86940.14,94985.43
9/24/2017,2333.69,3468.28,7027.11,128360.41,165552.88,132342.77,161438.93,94151.97
6/8/2016,35456.98,11420.63,3136.46,175682.08,91715.65,89139.52,155979.02,167825.13
2/24/2017,2843.68,7043.31,6432.06,80334.1,118741.92,94631.76,135559.75,161795.36
1/29/2018,46344.54,2818.15,3761.62,171145.21,187274.96,115944.13,129343.7,128989.37
10/16/2016,46406.38,7662.86,3705.37,115691.42,154354.85,184751.06,133235.26,164390.32
8/13/2017,35953.72,10110.35,5869.03,130779.42,92992.71,92258.66,171085.15,145631.11
10/4/2016,29890.01,9547.19,9373.09,167200.02,158449.69,178670.96,93590.52,111335.23
8/9/2017,18743.34,609.45,3939.22,152782.53,94389.42,129584.17,179978.65,110558.13
10/29/2017,21383.07,8842.91,8870.97,96780.68,159521.54,146354.47,157681.16,188635.08
10/29/2017,35494.79,4272.25,9277.86,189139.05,112039.91,91684.22,174023.31,152186.33
11/21/2016,1323.14,8896.31,1666.63,186406.49,121431.58,95534.47,132820.52,160910.95
3/27/2017,16265.66,3872.76,6941.29,147752.33,151124.15,92685.8,160053.24,97580.93
4/28/2017,5911.79,3845.16,6976.46,127317.9,126788.1,120669.78,169046.7,172647.4
1/9/2017,12649.85,7851.02,3617.76,179086.95,133164.03,131343.1,115619.19,198251.94
3/24/2017,8785.05,1668.62,4384.92,81682.66,99941.33,162809.28,111855.61,87656.26
12/10/2017,41733.13,10719.4,2847.71,92253.64,142756.72,109137.47,194486.98,162162.17
2/10/2018,3764.45,6073.82,4363.07,134593.99,165738.14,128316.16,186323.85,112351.47
1/4/2017,32770.87,4063.74,3652.51,179701.57,153148.72,164575.07,175439.74,100555.0
11/26/2017,16622.02,4433.54,3476.94,88562.99,105207.32,106956.22,107526.47,163037.0
3/12/2018,32854.44,2831.55,4957.93,160537.3,97509.27,90082.98,186369.72,188652.09
6/8/2017,29021.08,11331.96,9870.15,116664.1,198585.46,,,121824.91
8/4/2016,41096.45,9717.23,3399.01,120534.09,149283.93,175491.93,84566.0,151494.71
11/7/2016,20814.45,4745.11,4208.54,170589.0,194605.33,,,160236.05
2/13/2018,41279.65,3951.59,6610.01,190096.4,100266.18,157951.86,149835.87,129475.91
4/14/2017,34080.16,8232.3,3207.56,154607.87,145769.98,88223.16,174894.88,163862.37
2/8/2017,15168.99,797.71,2567.04,117438.62,130276.42,167280.75,113799.5,90926.33
9/19/2017,12530.02,4344.57,9653.25,125059.63,149039.38,152476.47,194348.11,157917.77
12/20/2017,19532.51,8235.58,8606.28,97054.05,181010.54,164256.72,98403.28,129061.99
2/5/2018,44678.04,4795.45,2287.49,189134.98,137338.95,181982.86,187984.42,169362.52
9/7/2016,20245.04,2885.81,3298.45,88407.38,95058.2,183256.18,148063.92,109554.7
11/18/2017,5751.38,7164.6,7600.88,87598.95,189657.66,99355.96,154083.27,149931.0
1/5/2018,3436.94,4558.24,4492.85,169800.39,192783.12,,,146392.74
5/21/2018,4512.61,2956.65,2086.34,93514.83,188369.61,148481.03,135816.65,94709.74
8/4/2016,1531.29,2961.25,9826.42,139772.91,107664.0,140809.71,105650.1,124206.39
11/25/2017,6285.59,11472.2,8115.18,131934.99,189868.13,146441.29,198809.43,193042.71
5/3/2018,3091.68,6933.42,9131.46,82776.49,97700.36,112090.78,148968.68,132362.07
8/20/2016,34848.69,7245.51,3562.24,168173.93,143352.89,98564.57,166750.17,150137.23
6/2/2016,1791.03,6366.05,4273.63,141128.2,90490.56,134315.93,105234.62,88171.86
1/11/2018,28976.06,9335.79,3693.19,117064.0,161367.08,189354.0,187029.86,164478.85
7/11/2016,17784.86,9418.48,3570.44,194481.95,151511.99,,,176196.59
9/12/2016,38009.33,,,141886.0,174330.39,191490.99,171212.94,160442.93
5/19/2018,1270.65,916.99,2653.24,144771.29,97911.07,182236.14,176258.02,188941.22
12/30/2017,22383.78,10654.93,4923.0,97386.25,150411.33,195456.7,169069.53,149922.55
1/23/2018,22977.85,8552.53,9156.63,112140.0,136023.97,110518.25,155166.68,179898.24
11/9/2017,28825.75,3734.47,3908.68,156140.0,104203.76,134383.01,173140.59,165680.74
2/10/2018,16490.82,8730.12,2328.04,179066.26,181936.59,171421.57,179854.0,155080.62
9/7/2016,38876.0,10584.4,5551.17,176593.67,182816.63,172341.96,161747.0,134811.0
11/18/2016,10448.04,1163.16,4866.13,82708.01,158293.02,154065.81,169614.46,89222.52
5/16/2018,18941.4,8896.09,3637.68,106530.43,164152.53,165592.55,114063.14,170250.42
11/23/2016,17877.03,6439.11,9676.68,108596.57,133370.04,176030.24,192377.85,158319.58
10/10/2016,28359.01,6527.45,8062.89,116139.28,83734.64,,,133971.2
8/30/2016,40635.63,7069.82,3129.04,187444.1,132627.69,99358.33,145834.15,101661.41
8/27/2016,43926.89,1624.19,2556.19,145971.48,96557.83,171638.19,84034.4,192444.79
7/20/2016,44689.94,3274.3,8430.56,107824.57,102296.22,,,118680.69
5/24/2017,24055.07,8092.52,6505.57,137674.87,82536.91,86420.62,180192.57,104111.2
4/20/2017,9279.82,6471.57,8383.16,90201.19,126425.41,176588.24,96643.16,85759.28
8/17/2017,11142.27,8747.21,9591.16,135793.95,134343.75,86777.59,197135.21,144578.52
4/20/2017,32278.63,7612.56,6509.0,197936.94,118800.79,98383.97,80598.98,164608.85
8/18/2016,26633.21,1807.73,1342.75,128760.69,99504.21,147805.71,178926.97,140983.73
1/2/2017,8078.48,1696.44,7486.01,155873.4,157344.3,121034.28,190129.24,129346.99
9/10/2016,25733.67,609.64,2725.35,151689.9,189149.71,155768.55,150878.47,142410.01
8/29/2017,10777.34,2659.2,6950.62,194418.36,158542.84,129396.27,127227.77,189950.98
12/22/2017,5720.58,7333.78,6427.44,144980.11,86287.81,98701.2,82509.79,104204.32
4/3/2017,38938.68,2443.45,4959.86,177080.56,106075.56,98146.02,171280.2,149384.37
1/23/2017,1036.37,9582.17,8238.83,123664.96,136975.48,123018.75,179201.2,135477.85
4/20/2017,34046.23,8388.94,3193.25,136690.36,123292.02,135659.86,193867.44,121175.0
3/23/2018,45888.7,2415.66,5254.68,89216.44,113233.37,81217.66,98508.07,133297.03
1/6/2017,38257.82,11705.17,3956.05,172444.46,162081.96,110075.32,188324.75,88694.35
2/24/2017,34818.45,6337.74,2734.92,111835.11,97578.2,94532.07,161068.42,82114.43
6/23/2017,24549.36,6783.82,9588.95,125961.58,190234.09,110127.76,168230.95,91055.04
6/1/2016,32042.78,9809.53,9055.65,101252.85,102473.55,171545.8,128734.44,197190.55
12/17/2016,19036.1,8172.67,6066.61,119937.0,104758.46,159938.66,88402.09,84204.63
11/29/2017,22443.06,,,136522.29,178596.0,142588.24,103136.27,102019.64
2/27/2018,31894.79,10496.25,7025.81,105854.66,131865.73,151075.7,102270.58,152693.23
4/13/2017,22914.95,8182.49,4660.61,117481.39,195850.89,160346.59,164871.64,111280.82
2/15/2018,41729.74,6627.63,2374.56,114790.13,154786.93,174578.89,185722.8,127019.84
10/17/2017,10115.91,8651.17,5273.87,154203.34,116442.9,94021.09,180036.61,166142.71
5/7/2017,16420.03,8761.49,6644.21,87844.6,174782.83,144217.88,158165.74,185626.28
6/5/2016,29295.77,11441.68,6613.47,86878.46,151440.15,173738.93,100572.08,133064.1
11/17/2017,25707.29,7370.22,1620.27,158649.59,170555.38,120767.92,147224.66,91241.42
11/14/2017,27351.93,4106.41,2590.44,153331.44,165347.67,142677.81,148453.84,190052.62
3/3/2018,27859.07,8809.16,4028.78,184360.2,139012.21,112140.59,94926.62,98295.06
7/6/2017,1613.11,6161.28,1894.99,126526.23,101936.38,192332.49,175290.99,182951.43
3/20/2018,33535.35,8852.17,5856.47,188386.58,98795.06,95468.51,198207.12,194380.68
10/22/2016,36928.58,1042.6,7104.78,119879.17,146348.23,83576.01,159081.59,121990.41
9/3/2017,35702.71,11415.71,7318.14,165968.31,145261.15,194561.45,174019.15,176356.25
5/21/2018,9289.69,10577.18,4360.07,197192.36,132575.18,,,172230.45
6/16/2016,16359.71,653.52,6276.71,138263.5,196659.08,199589.58,160009.92,83327.19
6/14/2016,4129.48,8610.4,7475.89,98016.01,193623.91,173596.87,123636.77,187946.7
6/27/2017,36343.12,501.05,9690.03,178604.11,107891.66,84706.24,182438.05,87929.69
12/22/2017,35119.11,8614.98,8286.15,106853.18,105716.28,125183.51,87242.93,131460.02
3/14/2017,7651.91,2724.23,2800.23,140590.61,179865.38,81696.0,99623.56,114111.36
7/28/2017,43013.27,759.36,5642.88,81097.19,130116.33,114179.93,83211.86,172888.38
1/29/2018,27086.65,5219.87,9422.0,165340.7,140794.38,117842.1,149517.63,161086.25
9/26/2017,46530.26,,,100371.46,90083.3,174331.0,136253.18,189630.29
10/4/2016,28319.65,1090.35,1831.1,159530.0,173022.54,88715.12,184956.68,123639.65
10/12/2016,6531.27,7774.1,1936.71,117349.25,155968.08,163736.42,113741.33,120854.91
11/6/2017,5111.22,3657.24,7914.73,196837.8,164160.28,133623.09,165012.87,151859.91
9/23/2017,30471.54,3662.16,3852.12,187409.91,137778.48,,,120469.34
2/16/2017,38954.58,2291.12,2827.39,87320.2,181215.6,,,163310.36
7/23/2017,35644.78,7705.4,3507.29,165837.0,188457.56,93469.61,108694.7,118113.18
9/3/2016,14434.18,,,161878.47,184116.74,81223.35,184224.09,181856.39
9/16/2017,45890.35,4500.97,8518.58,159784.41,180296.17,95800.3,121725.97,130343.19
5/9/2017,18948.02,5002.48,8965.11,93493.31,121654.43,147148.7,126813.88,177357.28
4/10/2017,25541.3,9475.42,2723.23,152240.49,182833.9,134010.21,170450.67,191260.6
11/13/2016,42409.86,10256.43,3159.18,136032.27,148458.99,118190.75,110355.46,131701.08
4/4/2017,15883.91,6666.29,3952.53,95191.55,114843.54,143664.15,106936.13,195172.75
3/21/2018,36710.42,2969.82,8397.0,189855.69,130633.85,112384.62,84014.77,154022.52
4/22/2017,17145.46,4064.75,4258.88,149443.69,88189.98,91134.87,92207.09,164035.88
9/15/2017,45728.76,897.9,6763.27,139458.01,110098.09,150624.93,146600.47,158643.51
5/16/2017,29414.15,2553.85,6119.16,133016.07,142861.78,86460.33,188010.92,86950.94
3/5/2017,15157.13,5923.16,1768.36,120649.8,191468.83,160310.37,94006.11,81509.38
9/18/2016,33212.01,3757.39,3500.95,138422.91,196079.82,118324.14,107124.96,102749.89
4/10/2017,48025.29,9281.76,7334.9,115307.62,161224.84,113406.9,199761.62,166941.06
12/7/2016,49594.9,5857.1,4136.7,131396.76,141900.87,193409.69,136121.34,163316.0
10/26/2017,6701.48,7659.11,2987.65,160961.85,109497.28,118521.27,168324.77,173383.34
12/16/2016,17206.76,5277.08,5955.34,115151.83,137975.21,103821.22,102416.81,197870.7
3/7/2018,24930.8,,,129225.02,142125.99,126896.65,183480.0,83687.69
8/23/2016,42293.36,2025.11,3922.27,179298.61,130875.02,160595.66,169936.41,94908.71
4/17/2018,18794.81,2785.4,9069.24,190279.37,179433.42,91672.0,137383.34,184995.56
8/8/2016,38964.48,5746.96,5083.65,187275.96,121351.79,156043.09,155989.5,135421.36
11/2/2016,15174.38,9982.94,8632.34,107859.47,181612.72,162966.41,194420.92,84828.35
7/28/2017,20039.02,7796.62,5069.99,116047.48,107593.35,130499.05,167851.57,198479.52
4/4/2017,13638.63,5550.21,4377.33,194084.76,184613.77,145969.02,83850.7,194205.6
3/22/2018,40474.81,7716.73,9071.36,143773.63,196759.19,138514.37,139227.53,175317.58
12/24/2016,46110.56,11197.46,2399.48,143269.25,118611.66,173905.96,181058.47,146569.0
11/10/2017,22227.46,8552.02,3930.35,134328.86,117361.7,162717.36,190256.97,120423.66
8/26/2017,27277.83,950.62,3541.67,140679.43,112540.31,99823.87,149798.14,173829.5
12/31/2016,42513.02,2625.16,9630.82,147962.89,91664.1,141325.24,167811.79,174049.7
9/25/2017,2922.54,10443.17,1852.36,199978.0,116933.49,138713.71,100491.62,156505.82
11/12/2016,11326.19,1458.84,2011.57,150496.79,112580.34,176964.54,129269.22,130495.69
7/13/2017,22459.72,919.96,2909.0,96494.8,143355.24,123015.46,191463.04,95253.21
10/15/2016,45958.4,5771.43,3410.8,84886.85,165224.02,88539.99,192167.57,110903.49
1/29/2017,7630.35,10920.49,7258.39,170445.47,180215.25,97374.45,170672.35,108784.5
5/17/2018,45476.17,1456.52,8210.14,85032.13,150668.21,127680.43,132131.13,100589.76
8/10/2016,14399.64,10925.98,5950.92,177940.68,159565.16,148069.14,187078.49,197439.54
9/18/2017,44964.32,10369.93,7384.44,175833.79,165844.84,183545.18,154756.42,134434.05
4/20/2017,15625.63,9526.43,9848.39,122063.19,180959.78,180244.98,178693.55,82484.79
9/10/2016,14675.61,3720.58,2224.69,171864.73,101725.44,110540.92,197102.59,108510.87
5/21/2018,31825.31,1693.57,2421.06,189651.0,112770.06,116850.42,149478.86,83936.08
7/31/2017,3850.32,,,103201.03,124419.46,176638.98,103180.43,197084.03
6/16/2017,6825.32,6362.65,2380.23,109837.29,83005.16,94109.32,99105.47,185591.01
4/23/2017,27599.61,5365.96,3212.66,177291.06,85094.63,195443.92,173561.51,104267.91
7/5/2017,24605.06,1356.47,7052.72,173808.62,169734.84,194365.5,175935.56,155813.22
2/25/2018,34834.39,10475.74,5287.79,136125.22,84636.15,85473.75,196200.77,164049.28
7/14/2017,22301.83,7995.24,5398.33,98646.07,191464.24,198629.78,90068.27,91713.4
1/4/2018,11149.53,3515.38,3532.0,120723.19,149789.56,,,109170.27
4/1/2017,18746.83,9805.24,6437.68,83718.58,167049.41,198213.97,123816.39,131238.41
9/18/2016,43502.79,7913.45,4958.25,181051.73,95747.97,118827.99,174162.3,184545.71
3/3/2017,19092.56,3831.45,7148.35,140967.94,154919.22,,,170205.85
2/13/2018,2461.88,4386.48,2580.34,117860.86,151514.83,191920.56,137292.39,152816.11
3/20/2018,24412.55,5916.01,8789.11,120250.46,126550.68,196743.89,169795.05,108204.02
7/18/2017,15938.05,6271.32,8586.28,89489.54,104116.68,124412.43,162794.44,132196.26
10/25/2016,42579.7,7180.71,5396.49,85382.76,142605.55,,,140024.39
7/18/2016,35874.3,9887.38,2828.46,133453.85,84750.82,99909.48,129633.82,101631.66
10/17/2016,7725.24,,,83109.68,141852.48,145827.17,93908.1,177728.42
9/3/2017,32117.79,3561.8,2920.91,89138.93,142564.7,,,100108.91
12/9/2017,27958.05,10777.24,9396.86,127634.71,98193.23,159006.01,127133.29,107854.87
9/21/2016,14426.52,11678.3,2406.07,143191.29,88220.87,187193.84,176554.57,108828.07
6/19/2016,43957.96,,,153389.22,178732.91,195544.13,85657.74,82608.51
3/24/2018,22300.0,,,139673.97,193173.11,165830.21,169681.37,121586.99
8/3/2016,41437.69,,,96675.64,103815.94,149722.93,98098.06,144582.18
7/22/2017,24402.65,5864.31,7410.6,156891.3,82165.64,159199.31,125621.29,193850.57
12/28/2016,40147.99,9899.3,5255.54,187921.4,196596.53,100043.82,83833.06,160850.55
6/22/2016,1862.45,8555.59,1326.9,158298.59,173961.22,132009.58,157439.11,179966.77
7/21/2016,1044.07,10708.91,4515.25,147976.5,150600.93,127417.93,86748.33,127055.77
12/15/2016,28839.01,1572.91,1276.38,88998.7,103435.52,150922.93,191304.71,86490.16
11/14/2016,21242.18,1893.07,5350.56,189613.11,81797.88,129739.8,153131.62,89311.36
4/27/2017,15222.11,7570.44,5375.14,85941.38,86184.88,163774.06,164504.28,177386.21
2/6/2017,20064.42,4766.09,8102.66,149588.26,112086.76,114315.37,129887.83,169448.3
6/26/2017,10463.81,7679.52,8925.51,109630.16,145841.7,161884.99,116947.23,123157.06
5/1/2017,15368.05,,,100817.65,170864.32,81397.11,169582.84,136663.57
1/2/2017,43315.96,4649.27,6066.78,136490.05,194822.79,138864.84,128240.29,159687.79
10/10/2016,30608.68,2395.48,5336.12,162137.6,131566.1,,,183659.16
4/22/2017,24484.32,3167.76,9206.56,127221.66,90589.08,192897.75,158521.72,178175.13
5/24/2016,27812.19,7196.95,1848.67,147798.58,109124.65,,,166079.58
6/4/2016,43002.35,5588.06,3412.22,142221.61,132576.79,89266.35,87870.9,129329.47
7/24/2016,17541.44,3866.45,5326.11,175669.12,138774.98,85042.11,131240.67,108537.0
8/2/2016,48221.31,11757.25,1875.27,132683.15,92028.68,99177.4,147844.25,106409.54
4/5/2018,26488.67,6596.19,6168.01,162857.91,91368.0,96378.16,180392.06,157177.18
3/5/2018,22390.0,1000.06,7524.86,131660.61,88853.44,104277.59,178681.88,182992.69
9/6/2016,15677.47,5196.89,3825.69,141407.4,165510.86,163961.81,156052.94,187691.74
3/29/2017,39797.78,,,141721.32,173139.91,136111.56,121834.75,103223.54
5/26/2016,15334.91,1389.97,1146.85,129952.56,114093.59,,,161229.57
6/18/2016,17640.58,9749.13,1740.09,153195.53,81723.07,,,90235.96
1/14/2018,13179.0,10036.73,9669.78,169422.26,97891.06,119888.41,160738.05,88043.1
12/19/2016,18556.88,4823.92,1580.64,113029.0,169775.86,169310.85,95925.71,158107.0
1/9/2018,39399.3,4270.53,1209.24,101714.71,192364.26,96898.79,173396.77,93376.33
12/26/2017,48922.21,7890.05,6170.29,84526.63,80637.5,89864.77,198735.51,144402.5
5/14/2018,28721.18,1764.87,7487.41,182912.14,189138.43,133363.02,129038.46,127831.9
11/23/2016,5079.43,6624.07,7588.91,90529.3,93383.58,165823.03,119816.35,184521.62
10/12/2016,21080.5,8920.09,7957.82,142190.16,189725.46,109457.02,154921.29,178475.77
9/14/2017,4444.99,609.79,9331.09,154295.45,153806.11,119730.53,158637.63,114796.51
4/17/2017,16344.82,4747.44,8770.05,178149.0,169280.24,90833.89,196231.19,147951.48
2/14/2018,11340.17,5291.01,7025.78,115057.67,192437.21,103711.84,187164.71,98571.55
12/22/2017,28826.79,1004.79,1185.6,137971.59,84052.68,178527.08,86845.59,149408.76
12/28/2017,11003.22,2814.17,4092.29,174389.0,125825.09,83653.99,158401.75,190248.87
2/2/2018,14293.89,7776.62,9514.27,170872.93,142030.32,91680.04,145554.72,157234.89
12/31/2016,7805.74,,,87220.02,107997.44,105175.09,118170.36,159599.02
11/29/2016,41437.18,2852.81,5638.11,91082.26,159948.26,170996.68,110053.1,135698.36
10/3/2016,45237.56,5886.9,2226.2,159130.7,174867.26,86662.79,144292.22,140608.48
5/11/2017,14051.05,7090.06,1596.8,115964.91,199575.25,121827.39,191886.93,172454.19
3/27/2017,30462.31,9376.03,3490.92,144436.23,172968.54,,,90089.08
8/15/2016,5859.12,1658.57,9817.8,111004.13,183728.91,162081.81,94847.23,89829.31
2/2/2018,19344.22,3896.92,6758.88,144719.7,143793.32,106738.66,144367.9,116628.44
9/6/2017,27844.1,,,176566.62,140073.88,154255.76,135750.52,102766.58
10/10/2016,37581.63,11794.8,1502.38,179034.86,165252.51,191833.39,175792.43,86164.18
9/17/2016,27605.96,,,92840.26,108410.59,136478.79,166628.29,116514.56
9/17/2016,14676.16,7605.29,1493.1,121557.88,162088.49,125908.69,192271.34,95540.93
12/19/2016,37769.11,10671.58,4050.57,172213.18,82477.37,83070.56,118286.77,104057.05
5/24/2017,21152.99,5032.68,1456.49,151315.81,127073.8,80255.31,156501.21,82154.36
2/2/2017,40861.79,4287.47,7643.47,94138.35,182928.49,149728.19,118960.41,164871.0
1/20/2018,28026.75,2830.56,7149.57,119076.06,171243.0,137748.37,92526.0,136123.67
9/10/2016,33592.25,4690.73,8510.49,147543.86,141560.81,157239.1,127684.56,176452.55
8/30/2017,9858.9,937.21,8585.88,97029.02,148556.29,,,92765.05
1/19/2018,39301.28,8392.26,6985.12,186793.92,93152.8,105133.88,157489.17,187622.85
8/17/2017,10366.39,9998.01,2750.31,180565.71,187668.33,148161.2,169761.67,172785.38
1/24/2017,6179.43,9059.07,5848.08,124535.91,116426.88,177783.73,140979.95,146767.21
9/12/2016,35226.03,4421.74,7421.93,129996.76,113309.24,161718.12,90974.66,124857.05
6/27/2017,25645.79,3159.99,4446.32,181576.62,178235.02,90640.29,175914.92,130244.25
10/7/2017,24636.52,7029.02,1152.72,115959.6,187602.18,150453.02,152425.11,92818.92
7/29/2017,5437.1,11304.58,8191.86,97206.1,130616.86,177212.79,83634.04,82024.87
9/6/2017,23835.06,4964.36,9577.97,97379.33,121178.99,150936.42,192285.19,147521.21
3/26/2017,11397.47,3068.81,3457.89,166945.4,184801.91,84073.17,122677.76,142444.88
6/17/2017,24504.89,514.59,1636.33,82434.24,184406.68,159548.24,199366.61,169539.19
7/12/2016,23337.5,5766.17,2978.2,94671.03,184248.29,120078.14,148893.86,81371.31
8/26/2016,4151.27,,,186213.54,184653.22,181105.99,183049.63,187199.06
12/17/2016,32045.4,4389.03,1826.71,97527.25,180772.13,130737.65,175103.0,94756.8
8/24/2016,44798.6,627.51,2950.96,129451.94,195770.77,195749.4,85813.87,138443.17
6/1/2017,45598.67,7751.04,8645.68,151471.75,139968.65,118060.16,115798.4,189453.09
7/30/2017,46297.15,3970.75,7216.63,100800.63,174577.45,118600.42,188555.03,145211.09
7/5/2016,15353.21,8929.81,2625.78,91210.24,99722.46,86012.09,134310.91,159272.09
3/12/2017,5400.96,10940.11,7594.3,171217.99,107780.41,182792.0,109696.87,139290.42
8/23/2016,7968.78,11889.53,5844.66,91040.13,84287.79,,,126774.7
6/16/2017,29847.91,4741.22,7069.14,88649.72,140582.64,194865.49,113239.37,164194.4
6/13/2016,18370.3,5445.0,5565.3,164181.96,120365.7,177215.33,183092.99,98154.63
8/10/2017,35068.14,2052.82,2766.21,140896.4,129280.78,125469.3,198585.45,167221.73
9/19/2017,40365.38,7274.4,9093.54,192435.82,169774.91,125250.03,198557.74,181148.22
2/8/2017,43097.46,11683.64,3013.14,189270.26,148697.59,93833.6,165238.81,99012.59
6/9/2017,46965.2,5586.4,3264.07,199435.72,137073.32,115770.87,185028.03,174788.48
3/18/2018,13039.57,6088.54,4722.39,194568.66,105217.33,106255.07,142660.4,121366.95
10/18/2017,36936.99,9587.09,7715.79,104462.09,194492.34,,,190400.69
5/21/2017,16563.41,6565.12,3362.29,88633.66,164311.9,183146.63,91208.35,99253.51
1/8/2018,42234.58,5081.13,7834.42,139316.78,119547.65,120706.29,118762.17,96490.16
6/26/2017,24550.86,843.75,2383.7,130145.26,160135.18,91239.96,169210.61,92701.44
8/19/2016,23100.53,3676.05,2103.13,173734.44,84943.24,95561.8,133037.77,137084.4
11/22/2017,3689.58,7912.73,6541.85,186016.67,167852.7,194427.71,180784.29,135195.98
10/18/2016,23089.56,3220.05,4496.48,93233.87,131408.5,128927.42,108946.67,92438.04
9/3/2016,45055.13,3465.31,4183.28,101685.82,88066.76,126683.22,161130.13,160802.66
10/28/2017,14655.13,5345.7,5757.83,170503.81,187942.08,85768.88,143713.61,152995.55
5/21/2018,4377.75,5140.8,4208.98,115553.26,132675.67,90690.93,180190.53,162740.67
9/1/2017,8016.71,2485.87,4998.69,103778.51,128858.87,127347.0,161748.93,178956.41
6/10/2016,30718.46,11309.94,4909.24,110782.42,94363.24,106738.91,88166.89,129658.14
6/24/2016,13665.14,1065.7,9276.01,124247.67,98850.91,83844.38,169692.8,162376.78
1/15/2017,22403.03,8590.43,9202.6,199334.83,196117.49,172163.99,154335.06,107883.57
10/14/2016,33384.23,7034.12,4127.15,93322.35,195312.63,80508.21,104911.23,82057.67
4/2/2017,40963.42,979.76,8084.02,138503.63,105942.93,170300.92,140796.73,97553.64
8/1/2016,38211.5,10967.1,4131.28,115978.39,174347.92,163902.0,176973.08,89667.33
4/11/2017,3316.41,5634.15,5851.71,190677.47,129050.27,171459.55,162496.78,111434.34
2/8/2017,31593.23,6677.23,4029.54,96231.5,81380.06,199236.91,105090.81,107162.29
10/15/2016,32718.61,6104.87,2437.88,190563.25,104403.76,167500.1,121628.13,140753.1
9/30/2017,33748.0,10659.6,9702.12,173689.94,82059.13,91943.49,160784.83,124997.86
5/31/2016,40091.23,4861.13,6242.36,185256.34,97959.06,167259.58,143857.62,101764.52
5/3/2017,43052.0,6062.52,3484.23,115890.55,113198.94,185852.21,146184.56,111750.7
8/16/2016,38366.04,4249.39,6872.75,154291.39,112501.05,144275.0,161106.62,126897.38
8/10/2017,41280.99,7951.17,9656.11,95074.12,183863.93,167604.58,121318.66,190242.62
6/3/2017,48980.54,3008.56,9599.12,120893.13,105459.77,166879.64,193151.44,194725.35
5/21/2017,40946.89,11623.84,7905.47,123592.98,133496.6,116335.66,81022.37,181916.67
11/20/2017,31434.73,2299.99,8670.41,181401.45,108702.89,,,130389.87
6/3/2017,4559.16,,,140394.31,118986.07,156867.63,89268.24,199641.75
3/4/2018,13695.92,2394.72,5292.28,195797.81,171384.32,157791.51,189610.98,108886.89
12/19/2016,26842.25,2368.87,1328.69,97339.26,183823.67,109322.43,133756.18,131113.13
3/17/2018,3106.22,3186.37,5869.9,122954.9,115351.68,161933.04,143667.72,108992.49
3/2/2017,37234.96,3644.93,8987.99,120183.87,92229.93,,,87565.9
10/30/2017,19333.23,2489.35,8090.14,186924.42,167084.78,163597.19,166064.01,167547.66
11/6/2017,20228.26,5468.2,1948.62,99421.58,129843.11,150164.21,152678.88,82598.89
6/5/2016,2163.14,8693.58,1350.64,194101.05,80009.98,167396.03,180164.45,185521.51
6/23/2017,45431.61,9522.98,8880.7,118417.11,147408.39,187264.76,167689.74,119862.2
5/9/2017,40914.01,11735.98,6356.04,188768.84,106207.89,150946.26,197560.39,94518.58
10/23/2017,21068.74,4898.88,2672.46,91394.52,191415.61,159026.82,126976.96,99382.42
10/23/2017,26804.29,,,143120.03,192575.39,199817.06,149382.81,172123.66
1/1/2017,39819.97,1290.54,1130.94,124263.4,103381.86,137027.21,146404.13,113310.57
2/13/2017,49719.15,11004.39,5336.17,150676.83,195772.59,103003.6,130505.54,154527.26
2/15/2018,47994.63,7343.95,2650.58,129794.39,145690.91,136959.9,180805.05,131218.68
11/6/2017,47323.63,2818.69,5270.03,105885.6,158209.75,109835.62,113691.66,99942.77
12/21/2016,25545.76,3553.62,8364.67,93054.56,115570.12,113316.58,97072.54,97873.64
5/17/2018,32957.9,9014.75,3796.24,146208.21,83427.81,132554.81,143184.86,157268.41
2/17/2017,45333.7,10819.26,2988.11,160845.25,181782.3,110997.13,192763.43,164802.21
3/23/2018,29943.65,4892.17,7491.27,156341.26,154579.2,174131.76,102760.68,136179.9
3/16/2017,27215.96,11071.01,4797.24,194468.14,175685.27,118129.69,143798.08,98317.55
2/26/2018,14111.56,6430.26,6036.44,122112.8,137338.24,,,85100.58
10/11/2017,32655.58,5690.29,8905.83,125093.33,167262.19,161622.0,154261.28,84842.12
5/12/2018,39958.73,5272.76,3333.73,154590.55,128399.17,193075.42,119474.38,131501.38
6/19/2016,47700.29,5680.98,3904.07,85971.48,80092.66,121683.37,189684.56,86327.71
2/11/2018,2032.8,3381.96,7687.5,133252.09,81542.06,186270.36,143092.54,197652.68
4/11/2017,45792.11,4636.86,6571.41,148330.38,182596.84,,,139147.46
9/21/2016,49476.4,3682.21,9687.61,179163.76,181587.24,167598.0,189788.1,148650.6
4/23/2018,4707.03,,,148784.62,132356.21,191642.37,174984.9,119215.98
5/28/2017,10266.32,8790.99,4161.0,116227.44,125827.02,105009.01,151042.18,188674.82
2/20/2017,32320.94,10005.64,5350.54,120143.98,198633.92,88055.25,153568.92,168550.45
2/5/2017,28529.11,10503.49,3559.64,83419.48,139324.8,118113.32,149329.67,112869.23
1/12/2018,17194.73,1837.04,3692.57,136248.0,120290.0,195682.85,109986.64,94296.08
3/29/2017,2190.17,2587.83,3648.85,132860.89,111255.1,193196.79,164563.25,194079.45
4/26/2017,36089.84,947.94,6686.58,95287.81,138954.91,119652.53,176939.55,99920.45
5/13/2017,26688.28,11932.35,2368.87,118945.38,175843.13,133100.45,183712.4,191719.33
7/17/2016,35910.05,1198.64,1895.46,130693.66,148067.61,130257.52,116731.64,89622.69
12/15/2017,3021.25,10369.19,9178.47,187538.04,123534.77,147410.87,103145.52,182430.82
10/1/2017,38297.88,4557.68,6017.14,197708.33,168621.57,170388.47,108951.63,184004.17
11/25/2017,7356.39,,,127463.35,157805.76,194224.41,125909.05,132755.57
3/22/2018,22505.86,6500.22,8371.25,178404.0,144066.16,193350.7,148709.91,159277.07
9/5/2017,16699.14,1697.56,2259.12,89870.49,93123.92,93905.78,128800.31,184559.32
9/13/2016,39092.84,8885.37,9851.85,150487.2,91909.87,83827.48,154076.11,99999.49
10/3/2016,44357.68,794.3,4257.06,126474.19,102043.56,155769.29,127710.59,91839.63
7/24/2016,9570.43,7816.39,2927.98,127599.33,83187.06,91317.54,124643.59,83474.77
3/2/2018,44750.37,8376.68,1555.02,102059.93,98967.41,168399.56,133766.15,139639.55
9/14/2016,1837.13,9547.41,4847.58,151887.12,193886.05,128270.59,94391.18,93906.54
12/23/2017,44182.66,11046.01,4553.02,113696.39,94818.72,104928.88,89087.12,173455.76
5/21/2018,23951.84,9126.54,6978.06,98152.87,87755.12,157605.22,81777.49,130312.6
6/15/2016,9686.44,6497.08,9415.0,84287.0,101992.3,188374.74,138555.71,116172.81
6/2/2016,19144.14,1960.1,8991.27,175646.96,175431.4,135404.07,192698.43,134049.55
2/15/2017,38403.78,11380.16,2454.29,146532.88,199164.48,137699.62,109466.49,191270.42
9/2/2016,18708.59,7575.81,2497.54,146987.66,87931.39,80172.48,146717.44,180448.93
5/30/2016,26097.11,3445.37,4583.83,166304.92,175808.55,191192.87,136305.64,195201.0
3/20/2017,47760.75,4466.36,5388.84,107574.27,189951.97,189668.01,127316.06,187989.88
9/15/2016,36660.09,3522.24,2492.66,122594.2,177839.97,95767.63,183780.68,90775.78
4/15/2017,29513.74,4086.96,1436.39,108266.28,117115.68,85297.0,143626.17,139950.87
1/21/2018,43069.12,5003.56,7446.67,193199.21,189863.22,84275.16,164504.61,122346.73
3/2/2017,17247.88,5400.24,2454.4,197021.7,94927.48,197453.93,161897.56,192006.05
8/28/2017,13800.7,10456.75,3759.06,104524.09,147636.89,96680.05,81087.06,143875.75
10/4/2017,48140.59,4854.84,2451.97,141892.37,173194.28,145905.13,117710.22,167249.91
8/13/2017,42017.61,6675.79,6682.01,145276.41,123556.28,134306.58,137472.32,132883.43
4/19/2018,16005.31,11618.14,5182.92,146216.32,198752.27,146442.27,185697.01,196122.4
7/23/2017,38693.66,591.25,5640.32,88612.73,97701.87,115112.17,108576.78,194052.54
5/17/2017,35171.33,7354.23,2441.25,128039.46,188254.51,171496.71,113598.31,192932.58
6/15/2017,34296.71,5502.67,3606.54,121835.6,96202.1,122862.58,137774.73,183444.58
7/22/2016,20116.63,6052.77,4775.95,109861.64,87911.11,168208.47,124711.58,188056.97
3/16/2018,40435.3,5456.58,5673.06,97561.47,191814.86,,,122681.19
11/12/2017,45883.37,1575.67,4267.59,149619.14,117510.52,183986.02,166211.12,189808.48
1/20/2018,48127.28,4798.91,5725.34,197951.37,123979.98,148305.77,175110.53,134810.31
8/13/2016,2203.42,10822.74,2418.22,118252.28,119577.37,112945.36,88944.2,173454.49
4/27/2018,18616.55,8275.59,1971.39,148588.92,158543.26,113960.59,95439.47,187831.06
11/25/2016,14705.74,4998.14,1354.21,169515.07,121307.98,131743.45,156527.79,194570.79
2/5/2018,39978.9,5475.26,4417.28,106937.05,92859.5,141320.76,199517.57,84685.14
6/27/2016,42740.2,11766.0,1115.79,120205.69,141778.47,172131.18,110517.14,133544.75
7/27/2016,28196.48,4645.45,3407.87,172949.32,166849.0,147592.83,85640.0,138614.79
9/30/2016,42434.71,2527.07,9889.58,133758.5,144238.08,178767.77,95626.87,101125.46
4/21/2017,5316.28,3301.98,7086.49,126163.97,106536.03,141452.44,92359.08,136622.77
8/24/2017,4698.22,9769.51,3320.95,171229.16,111722.44,154496.76,130558.84,134638.99
12/10/2016,25926.42,6347.11,1857.97,141466.7,133120.49,,,182962.69
3/28/2018,33551.56,5585.03,8230.15,128801.77,192525.39,181641.66,183615.91,184332.58
10/1/2016,32557.03,9241.65,5248.37,161084.41,168344.13,80246.29,121333.1,87311.83
9/13/2017,39212.95,2170.96,5016.19,145851.02,99755.45,,,174915.19
8/3/2016,9917.79,4120.88,9774.62,105214.15,142509.28,176576.17,103687.81,198828.17
7/23/2017,40250.63,5789.04,8933.84,108767.93,131192.48,,,193805.12
5/25/2016,6994.7,8167.22,7271.1,128511.32,187009.88,109047.84,110877.91,113440.26
7/9/2016,34743.08,11502.56,7190.24,183083.29,175208.0,93012.8,156865.98,136686.89
1/17/2018,22592.08,11832.45,2834.88,93239.4,133468.64,182982.0,123390.65,128783.17
12/13/2017,46815.96,6812.75,6216.44,197894.43,96593.22,,,189714.14
1/14/2017,29766.93,7291.12,9349.4,179474.69,89093.17,186196.0,122776.1,143138.4
9/19/2016,40864.13,827.22,2857.34,91078.93,92980.96,,,103585.75
5/20/2018,4622.73,11948.31,2190.55,86025.94,185916.5,153739.6,112854.36,116284.65
12/1/2017,41689.26,11508.13,1360.98,85613.85,125140.71,,,117105.82
2/21/2018,4820.44,4240.07,9444.6,130536.21,136755.64,99698.93,121232.56,127603.31
5/24/2016,39063.38,,,195473.25,182319.21,110249.94,97803.67,187669.21
2/19/2017,2814.23,9157.59,2327.81,91137.49,196560.75,,,138390.42
4/20/2018,27046.39,6080.15,3655.96,107533.52,148791.15,111703.64,104619.16,125207.48
2/16/2017,4258.43,6690.94,1252.41,121317.87,130045.71,124316.58,92733.79,186030.49
11/17/2016,13226.5,8958.37,6466.3,153186.22,84836.61,92034.19,158842.42,147952.91
7/19/2017,47193.12,2584.46,1113.64,140848.73,132114.82,174299.14,185371.07,161102.62
2/7/2017,27569.64,7632.22,1922.99,100039.1,157905.34,157940.95,122744.29,100687.21
12/24/2017,25969.7,5981.72,8266.81,93137.73,177851.58,130145.13,128755.9,182260.85
12/14/2016,12210.24,9876.05,8776.47,150543.37,133331.98,173116.89,100069.97,114738.34
6/26/2017,46335.49,1444.68,6702.69,117263.09,119058.99,189728.84,84640.6,101969.44
8/8/2017,32317.24,5908.47,3823.33,81228.08,114800.83,92570.93,134384.59,184880.35
12/8/2017,8178.3,3836.47,2513.36,82107.39,161138.39,95789.47,148355.05,124923.58
3/14/2018,25290.69,3656.31,8633.35,153174.29,81377.18,147658.06,144217.64,118190.98
10/25/2016,39798.87,9177.36,2639.8,131220.65,84568.66,112583.32,81273.32,106539.97
5/2/2018,30088.37,6743.21,3157.87,128276.1,197604.21,181231.32,124523.21,171805.97
1/11/2017,46364.55,5304.86,1159.73,102146.06,101044.71,117326.18,89269.44,115100.58
6/22/2017,7723.26,3972.58,4003.6,120890.15,181688.85,,,114064.0
6/28/2017,31100.86,9254.18,2171.59,159273.16,199523.2,93628.67,135745.12,135490.2
1/21/2018,31313.72,7820.64,6814.53,138622.98,150495.34,,,101857.35
6/20/2016,38336.21,6132.83,9450.82,122284.34,122823.44,172546.34,190462.58,160515.54
7/29/2017,48578.27,,,131866.6,162581.7,158981.11,182689.33,134417.27
4/19/2018,24604.91,3731.34,8869.22,83156.4,149374.07,121464.84,89524.59,121188.45
6/24/2017,36086.6,11379.79,9374.93,199636.62,172776.96,139682.05,196273.03,167549.22
6/21/2017,4931.68,11749.7,9571.38,85728.6,154942.79,91910.24,101232.88,95299.91
12/9/2016,31565.78,4414.47,8757.8,157197.56,96552.73,196536.12,182533.39,147992.71
1/10/2018,32129.61,10540.56,5742.54,94661.83,114922.88,104845.22,157980.65,129536.27
10/29/2016,18760.78,5906.03,8851.33,126465.42,176461.83,97694.83,152672.5,118121.75
8/8/2016,41855.98,,,173280.95,144174.41,139988.56,192229.9,181962.28
11/28/2017,33552.16,7056.8,9405.43,109529.87,132348.14,175392.43,116993.79,104803.75
8/26/2016,8946.89,6210.75,7759.99,125290.4,176612.66,181524.79,148573.29,134494.43
4/11/2017,18149.87,6052.8,8549.81,150343.12,181049.5,188398.23,159037.84,181414.11
6/1/2017,21969.92,7920.93,2380.4,102192.63,153808.73,191918.66,180940.3,119687.22
8/30/2017,33404.25,2964.6,9180.11,146467.23,162710.67,104810.18,88001.68,194127.41
7/19/2017,8234.04,3304.95,8284.8,195390.71,174237.07,156355.63,88047.12,121484.5
6/6/2016,11725.43,8361.04,5638.66,143786.34,162537.45,155996.92,187851.74,108713.76
10/21/2016,29199.4,1334.52,7880.53,104477.66,176659.26,98033.05,94354.64,113032.94
3/21/2017,12050.06,1987.08,4887.78,91980.32,186218.54,88573.1,124891.42,172651.99
1/4/2017,24013.05,529.51,2847.95,150807.76,102638.79,173517.49,170839.34,123638.32
6/30/2016,21119.96,1130.85,4095.27,145083.77,123580.63,,,103037.86
2/26/2018,32292.21,1298.56,3125.98,198268.02,163260.82,153992.63,189501.2,146278.74
12/7/2016,1570.6,10033.52,6501.87,102694.31,125612.74,169666.91,118964.99,124206.89
12/24/2017,14142.62,508.6,3612.12,120789.43,84284.57,86150.96,117723.62,114473.51
3/30/2018,36217.5,1143.12,4422.88,124692.49,94664.91,,,105544.78
1/25/2017,24832.17,2820.66,4071.05,138451.89,151239.04,197613.32,194195.64,172666.18
12/11/2017,20024.75,4195.09,8969.49,194782.96,193956.21,130483.02,161721.92,105246.02
11/29/2016,26230.2,8600.62,2581.49,100459.38,192380.2,184308.5,169455.1,86077.48
6/29/2017,12102.84,11642.86,2517.59,130521.68,146489.56,85988.87,95901.52,150155.98
12/22/2017,6696.07,4801.7,5360.39,147445.09,133533.32,112340.23,113095.94,162218.24
1/24/2018,32065.26,3431.61,9718.98,191003.82,169462.02,191842.73,188876.62,180918.72
8/3/2016,15007.56,7605.46,3538.28,88709.11,107207.4,154500.35,86889.07,119146.31
12/12/2017,10058.56,10652.2,9319.13,89430.78,142612.83,84086.57,170606.51,187557.09
11/3/2016,24643.19,8110.94,1174.31,143217.91,119685.06,113398.51,120873.99,120767.86
6/27/2017,20217.79,8718.37,3137.7,101074.53,148363.32,155017.11,125111.62,88353.68
9/2/2017,1798.56,6506.21,9977.41,100675.34,90906.6,165128.38,154511.53,111696.83
3/1/2018,48113.12,1148.04,2101.2,168664.46,174340.04,179654.0,117779.52,163133.71
9/23/2017,39501.71,3285.17,5101.96,109557.8,168139.75,136626.9,139874.52,133964.98
9/5/2016,47810.84,5692.44,4820.56,135060.38,126771.69,122278.57,152756.0,91447.32
9/13/2017,12892.58,9339.44,8351.05,127773.54,117009.35,156405.39,141765.56,183932.19
10/26/2017,8883.6,1161.98,1493.25,102660.85,102709.23,110178.98,125782.94,145441.94
8/3/2016,14665.45,600.79,7398.55,188846.04,175603.09,84511.75,160800.55,142459.66
7/23/2017,44730.3,10033.78,1993.74,127053.1,167584.47,192484.48,192298.64,90372.54
5/7/2017,16929.45,826.1,9296.24,173334.28,158703.83,98299.23,183741.59,145852.56
5/22/2017,14013.0,3779.09,3187.56,180094.08,176047.95,126602.09,90375.85,88277.79
4/17/2017,4693.0,5429.98,1271.23,112595.46,147423.45,82118.9,120709.54,83416.66
3/19/2018,45843.33,3467.69,2889.0,93248.08,165763.01,169597.75,84384.26,171529.47
6/15/2017,44188.82,1552.39,2453.44,84920.21,89907.1,153276.38,124416.99,81426.16
12/6/2016,15139.25,4479.13,4428.13,133795.92,118026.56,83742.88,119146.56,188700.86
4/3/2017,6646.21,8220.89,1670.77,161463.96,81651.18,197621.51,174599.86,191462.06
2/17/2018,39782.47,7402.97,6748.44,187928.79,88524.16,196428.74,142883.06,182325.24
7/31/2017,40015.78,9064.91,7930.93,105525.71,93997.24,111500.15,144804.56,146061.2
5/16/2017,31276.42,4058.06,4835.2,168347.1,106960.02,154753.85,118686.45,161830.74
2/1/2018,40533.76,6561.22,8151.04,143014.79,125425.23,90265.79,134197.73,85587.61
11/28/2016,44363.59,11905.44,9311.58,123326.37,171035.88,139447.48,135803.08,113346.0
5/20/2018,46587.04,,,174670.25,153210.43,82517.63,104459.77,140035.78
10/28/2016,46359.59,4218.78,8818.69,97056.5,197351.3,118166.08,177455.41,179112.07
4/24/2018,28280.76,7837.46,5768.69,170347.52,142392.1,162362.59,177189.51,88176.33
7/26/2016,23105.26,1918.71,5202.08,174171.74,193780.27,129400.76,106968.64,136931.66
1/13/2017,39666.8,6504.96,7397.65,120371.15,121118.49,,,122014.09
4/29/2018,44803.01,9725.75,6658.52,121187.07,151012.33,179981.84,119377.87,80349.29
6/20/2016,27115.66,1432.53,6887.4,177741.0,134801.41,,,108762.02
1/20/2017,27618.09,5093.97,9686.06,136661.6,186873.66,142456.44,126230.48,196548.4
11/30/2016,8410.12,1300.58,7814.23,168684.25,105665.94,189450.4,129763.18,148134.01
1/15/2017,24457.47,4440.78,5154.84,145630.5,191026.55,117870.84,190038.84,165702.18
2/9/2017,45898.69,9385.6,1634.63,139436.17,144873.34,192206.46,163700.96,198814.0
1/11/2018,35784.17,5368.06,3134.02,196961.74,140161.6,127346.83,120715.31,111030.61
7/5/2017,29184.17,5119.64,8107.87,198767.62,85924.79,196167.74,167755.23,169561.93
4/5/2017,3026.27,,,167109.25,98442.56,93190.79,178713.34,120899.73
5/11/2018,49524.45,4735.93,7784.76,187662.98,87093.51,105747.25,83993.11,118660.09
2/6/2018,27049.36,756.13,9751.7,163804.65,107591.0,,,150107.83
9/18/2016,18721.36,6043.99,6146.35,93241.14,135942.57,105478.96,128439.09,128657.97
3/12/2018,45764.29,8728.92,3465.52,119293.17,94784.9,93876.76,101778.71,117413.27
7/29/2017,41309.93,5311.83,3758.37,106129.71,199222.41,187698.17,162158.27,191290.82
12/21/2016,23249.35,,,126271.47,155994.64,128290.01,153786.06,134701.3
10/28/2017,4330.01,5482.49,8510.54,80745.34,144241.0,185715.66,125135.83,147817.64
9/29/2017,48949.96,11096.65,9316.69,109594.67,160516.15,150818.02,128373.57,136802.51
8/31/2017,32346.12,7512.17,2388.77,133946.97,145850.0,121063.59,163284.09,108720.06
9/16/2016,27735.42,6737.24,5331.03,129640.07,122103.17,112311.43,168132.02,146449.4
1/22/2017,30649.65,4031.02,4891.1,197798.68,90186.2,130374.13,135211.34,94719.14
9/17/2016,28349.65,10523.12,3169.84,165915.07,138865.09,147183.08,126042.33,109712.67
5/3/2018,7458.7,1519.53,7652.78,88510.82,143486.18,171518.09,128929.8,167796.0
2/25/2017,22096.69,11608.91,6609.49,89139.77,131767.59,100707.96,120167.79,167602.68
7/4/2017,19779.36,5625.98,8452.49,185208.42,177633.14,171852.07,170522.91,111189.76
3/8/2018,1770.28,1509.49,5567.77,81814.8,198230.05,147156.64,103983.64,121149.98
8/29/2017,36864.33,2898.6,5055.97,119461.46,184121.0,96711.15,80679.62,140683.6
9/19/2016,4544.53,4715.22,7466.63,110398.72,135005.61,135812.69,94017.1,88692.08
9/25/2016,28219.45,6482.45,5457.17,158210.58,112033.07,159018.09,191567.21,98685.25
3/19/2017,46840.22,4771.79,2781.55,154546.52,185224.6,118652.23,142251.9,189031.88
5/27/2017,39304.69,5880.38,8944.94,123195.22,107330.1,114025.32,185441.63,83401.25
1/27/2017,37640.49,2387.72,2069.2,99910.15,91730.63,162477.48,111221.99,119305.82
1/8/2018,12551.03,3903.02,4446.07,109509.16,105275.5,127288.36,117019.94,104169.29
12/27/2017,35673.26,7675.02,2241.55,141217.9,157779.0,89935.41,136790.18,178034.24
12/9/2016,24582.96,10160.61,1866.69,117530.5,130825.9,160389.05,82923.49,162038.26
10/19/2016,18058.81,8600.77,5621.63,159787.67,96632.81,101561.3,104554.77,85400.03
4/21/2017,4227.86,,,133353.54,146915.9,93748.16,166919.2,84015.44
8/4/2016,29064.35,6039.6,5153.24,184481.79,119149.18,175460.62,196995.77,108326.01
9/29/2017,31296.27,6658.73,1044.31,136973.44,134681.94,102181.16,190735.4,85146.45
2/14/2017,28569.0,5416.36,6386.71,81037.28,114411.59,121196.62,169934.66,145103.33
4/20/2017,44238.24,4024.25,5295.01,186038.72,92055.27,,,198363.15
1/10/2017,15805.91,11733.57,8897.03,87450.88,144866.1,158102.9,154821.99,149082.12
11/5/2016,20385.18,6157.28,9954.44,173668.69,145453.86,135878.59,181775.67,103718.51
2/2/2017,34765.44,10472.22,9674.42,110344.46,89650.58,140721.36,146368.29,154285.49
8/3/2016,27057.95,11296.05,2282.55,172563.0,140924.47,,,85464.32
12/29/2017,1084.29,4843.31,3584.28,176949.86,122322.73,86873.13,176010.93,164584.78
9/18/2016,8268.88,6822.8,7125.5,199406.15,154702.5,127467.73,93544.99,128055.49
8/15/2016,32330.62,9935.66,8709.9,129975.41,134407.82,120128.46,109013.02,135752.6
11/26/2016,32596.57,7326.25,3480.37,156300.68,84028.91,125019.41,141788.42,168704.13
7/9/2017,18611.08,7097.42,2171.32,99620.68,99355.4,161870.32,80452.68,135752.8
9/18/2016,15312.23,3349.88,8289.08,131512.44,97718.11,146595.7,165584.99,189041.85
1/31/2018,41844.44,10404.63,4826.39,95616.51,166886.4,98596.03,85224.55,184656.42
9/17/2017,35987.14,7942.6,3069.91,92695.89,111182.74,94884.28,119267.0,187084.43
10/28/2016,36979.56,741.65,1559.63,103175.95,112870.92,153034.93,197587.76,196823.71
8/26/2016,13469.77,10145.96,7344.05,186783.88,137668.08,83777.95,196068.11,132709.5
10/16/2017,25547.96,11749.01,1944.19,139896.9,197745.69,,,107394.1
8/18/2016,20035.34,3702.82,1741.72,130809.31,98957.38,89583.28,87262.6,130437.81
2/9/2017,20134.88,7623.28,9273.62,143201.08,115971.33,146792.86,82561.91,199966.92
9/7/2016,14586.86,3980.93,3149.79,157607.67,186422.64,164703.8,175977.22,95323.7
8/16/2017,25525.3,5982.44,4007.9,188326.79,149241.44,187410.94,158964.66,164738.3
2/3/2018,24839.04,2643.41,3099.39,184410.8,195843.15,187393.17,178575.22,87513.31
5/6/2018,8227.5,1762.03,4984.43,196364.09,184781.94,93288.37,188849.88,129547.05
10/17/2016,5877.07,9404.33,8382.02,154471.02,163812.1,198967.31,92826.33,183973.59
7/11/2017,17636.07,5111.99,3718.53,117703.83,178911.7,186518.11,173793.29,164677.14
12/3/2016,47743.68,6719.19,7393.84,184353.4,176072.71,197328.77,148211.48,198973.71
4/10/2017,20085.52,,,122282.47,163320.35,,,133684.52
1/31/2017,3200.7,10050.36,2803.4,149918.08,90988.61,96736.03,162209.25,180695.31
4/30/2017,25856.8,10653.8,8153.99,101414.38,188615.79,132609.0,143805.96,186138.07
6/7/2016,21395.13,1228.73,1180.41,152536.86,165171.31,,,139635.68
7/23/2017,23938.99,8018.78,4774.39,84315.02,106671.33,199605.77,101732.64,119155.87
8/20/2017,12186.81,11931.03,1041.58,123904.2,174386.92,150601.01,118616.32,85400.4
11/2/2017,5351.54,10889.34,4007.69,161221.69,86170.57,189587.87,81806.32,125112.38
5/6/2017,12194.63,11084.91,2363.88,148831.19,151916.29,101971.54,189298.89,136839.04
12/2/2016,38320.29,1725.57,3459.07,136176.7,165513.78,194789.11,137746.4,97427.64
5/21/2018,46728.98,2847.76,2018.75,136008.69,169570.82,163474.2,87705.01,140155.49
4/10/2017,41273.37,9887.85,3149.41,173412.55,178038.05,92939.01,184449.91,122444.38
12/28/2017,4667.53,5398.05,7070.5,102185.24,91104.61,185174.98,115314.05,124459.2
9/23/2017,11019.82,9628.08,3335.04,141969.35,196836.4,114551.27,144295.29,177312.23
4/10/2018,46992.31,4542.79,1062.57,180471.85,152942.13,84168.89,124357.68,167118.15
1/10/2017,12353.91,8141.05,5060.73,93930.47,162570.89,174564.43,111692.57,169637.32
2/2/2017,18283.86,9637.07,4117.49,138750.43,136344.68,,,122663.88
9/5/2017,43331.15,4779.22,1668.67,130575.19,122965.56,130133.9,176094.42,85678.61
11/25/2016,13953.38,5100.75,5464.64,100155.47,166225.81,185199.88,184281.33,129973.02
8/27/2016,44229.93,10261.79,9410.47,161472.41,140989.08,126923.55,91609.05,199949.85
7/19/2016,4576.98,3739.31,9678.66,193612.8,179841.32,141899.11,183775.64,126437.12
2/21/2017,39658.56,8255.96,3174.6,139177.64,186857.93,115937.72,180896.08,164887.55
5/24/2016,31049.82,788.15,5479.72,166959.45,139303.97,148184.47,172451.89,113284.67
10/14/2017,32258.17,11725.33,2054.04,173088.64,174128.75,177712.6,172030.25,169771.73
2/28/2017,10043.52,2056.12,5738.56,171033.88,105263.5,151786.18,164714.63,188896.69
10/14/2016,8499.66,9098.62,8550.61,123286.06,186654.59,120070.72,82501.13,198341.04
5/24/2017,25383.78,9473.61,7402.33,176185.81,157331.16,170105.78,189136.95,166577.96
8/31/2016,11335.17,11910.97,4253.57,80804.37,135634.64,149755.23,89994.35,97096.39
11/25/2017,48830.08,,,110458.6,149275.0,156045.0,173286.59,138587.63
7/8/2016,12721.27,1659.12,8062.49,111335.61,138418.07,118937.97,110855.85,87878.5
9/27/2016,11683.21,,,84439.96,179281.52,82226.4,185330.4,174806.12
8/8/2016,14661.46,6724.34,1963.19,166647.81,101678.19,128640.33,175201.78,157982.66
3/5/2018,7488.64,3413.32,8186.15,155326.32,198417.0,109257.12,166525.85,104788.09
5/4/2017,45472.05,5673.06,2439.49,181144.85,120977.33,150698.36,110305.76,146947.03
11/22/2017,32658.63,10914.96,2300.72,175185.28,177501.71,123537.29,112914.69,165095.56
3/6/2018,35792.12,9798.65,7703.46,126651.92,184529.57,157810.37,132208.52,124214.53
10/31/2017,35665.9,9419.05,1590.8,105714.8,122182.02,135528.48,142837.15,92626.14
1/5/2018,5072.01,8370.68,5555.76,127112.84,88399.88,161896.57,156596.15,151704.44
4/26/2018,4595.92,,,152874.76,93110.49,94216.8,104533.19,122820.11
2/14/2018,9753.95,4691.01,8826.51,161819.87,133818.88,116281.5,144081.44,183123.16
9/26/2017,4060.66,11148.14,2422.6,158342.43,110213.37,97180.16,115341.78,195765.83
8/4/2016,30826.13,9122.88,1962.2,108163.0,158348.39,196483.22,138006.17,136314.8
10/16/2017,24110.22,,,194141.51,179604.38,147600.08,129963.27,141441.67
8/19/2016,6492.04,4725.54,4024.24,152162.44,189999.7,159998.21,98833.58,197496.28
12/12/2017,13225.63,1504.03,9531.49,178552.75,197998.71,162023.18,163401.94,144802.0
11/16/2017,3696.66,6992.83,4894.63,111129.5,179430.75,88354.14,143020.39,187207.27
11/4/2017,37723.11,10199.52,8899.86,133490.75,126604.57,146733.42,89941.44,103619.03
2/21/2018,4592.74,8822.38,4859.97,158116.35,80232.72,152901.32,185109.93,183237.43
8/30/2016,22386.98,,,174177.16,175438.32,141365.0,193367.6,171701.76
5/8/2018,2176.97,,,193527.85,118575.73,170068.3,118215.68,121143.59
12/13/2017,7601.87,1166.21,1005.67,153423.32,98630.45,156674.0,151304.68,168378.61
8/24/2016,11743.42,2804.66,3431.26,199361.26,169046.13,126463.59,81825.58,83101.61
6/22/2016,5636.03,7489.04,4103.5,87340.64,88073.55,82568.61,155379.78,123344.5
11/16/2017,24905.66,8211.22,6559.88,102439.95,132154.71,104832.43,194630.91,197199.45
7/22/2016,18373.63,5352.15,9237.49,129058.32,157241.02,159008.16,142762.87,122499.06
8/31/2016,10228.79,11189.8,9719.09,158713.32,123478.1,179985.46,155882.79,87543.55
8/15/2016,2514.3,5767.22,6180.9,152403.09,145970.46,140458.92,185005.86,151862.8
8/10/2016,20531.08,5016.91,1363.56,172714.21,159223.38,134310.02,110509.96,102513.49
3/11/2018,20165.66,1229.82,4103.57,189908.9,134966.08,171746.06,97649.07,150209.59
10/28/2016,24324.35,6230.3,7922.41,194561.39,171334.65,147077.57,172050.93,135786.57
3/31/2018,26776.66,5524.44,4030.19,171965.17,120286.02,136724.21,96850.27,156381.04
4/12/2018,31692.21,2017.64,6233.55,155095.0,137174.45,106963.12,81393.66,118622.88
5/16/2018,37317.29,3920.91,6307.8,80107.24,85750.79,89695.68,91441.79,142138.3
3/24/2017,33123.29,789.85,2460.5,132686.66,198620.45,,,86478.1
1/26/2017,16886.79,7175.12,2208.99,101845.85,116425.71,140701.27,135057.13,114661.28
6/11/2017,34033.26,6087.28,4408.89,117537.06,159831.17,151925.83,119659.0,125067.75
6/15/2016,12469.69,7785.22,6351.03,92689.15,86361.77,,,121985.55
2/16/2018,24857.67,2621.41,3784.44,108757.21,109617.02,92987.75,174943.08,136487.47
4/17/2018,7512.47,9630.36,3752.82,150956.59,112996.06,147324.17,132363.82,146523.21
1/4/2017,13244.84,3282.71,6151.07,100842.44,159067.57,80767.46,148253.22,94693.78
12/9/2016,24994.7,10616.44,1820.44,198926.82,183606.15,166351.54,119068.03,116785.85
7/26/2017,9869.05,9279.6,6361.26,176184.22,111063.25,95065.96,170317.85,101684.0
3/21/2017,7730.34,6305.09,3564.55,106274.99,83757.25,96759.92,124769.93,139704.33
1/15/2017,15992.97,4079.82,8273.72,96687.11,196217.11,110374.7,174394.39,84250.57
5/25/2017,21039.39,9439.31,3453.11,141834.76,154777.19,136387.42,82674.26,134278.98
11/2/2017,12185.2,3756.83,6946.88,93397.54,128597.13,178999.71,142432.36,150875.34
6/11/2017,32775.96,11488.83,6355.03,160729.07,177069.59,188174.52,128876.25,87405.28
11/22/2016,42578.99,8819.32,1674.33,149920.95,181713.17,193519.48,104648.1,142466.88
12/31/2017,24726.74,1728.52,6939.51,155746.94,161908.88,189112.53,90336.16,172639.38
12/25/2017,29802.3,10579.35,1836.77,167767.85,123605.19,113631.06,131034.78,176116.89
8/31/2016,32511.01,1418.57,9648.0,179826.11,158481.61,155289.18,185167.13,128064.84
9/21/2017,39956.87,9720.89,1733.43,115889.94,133743.15,108262.47,130726.56,93286.28
10/27/2016,9089.77,4270.36,5704.31,192001.04,172205.95,93713.93,81572.13,93328.18
11/30/2016,3114.69,7281.25,5469.85,103980.92,140617.84,90707.49,89621.04,105995.97
10/23/2017,24621.44,6639.11,2775.1,116319.54,138493.04,124030.7,99151.18,85631.21
9/27/2016,11239.81,9166.88,5989.9,129584.74,112783.04,121339.88,86103.72,120466.8
10/22/2017,24744.15,1927.5,1565.37,149926.86,156287.63,158038.43,169630.67,170518.56
3/12/2018,46193.94,5975.27,2311.48,128411.63,184429.22,156174.2,187757.81,169501.38
1/5/2017,6600.2,10092.47,2817.21,98966.77,114431.3,173874.74,172766.82,120718.95
9/24/2017,32783.36,5289.96,7036.34,95419.43,117789.88,131256.85,198329.89,109404.31
6/1/2017,24118.71,5444.64,6899.21,96713.67,162229.28,110225.0,161894.5,153982.23
6/27/2017,46166.49,1764.64,6054.57,151456.28,108489.43,,,95779.76
3/4/2017,14363.3,9317.01,3050.9,80742.27,149333.44,192747.61,191934.47,178757.72
12/4/2016,26332.87,3944.53,8570.4,125162.02,163272.24,106546.48,157193.89,111671.37
6/2/2016,44551.22,8938.39,1619.43,147429.96,138557.78,177783.1,178096.13,95362.5
2/10/2017,18033.9,,,174085.1,124863.68,196456.53,93517.73,177086.53
10/24/2017,42788.14,8599.96,5880.02,145143.89,141977.34,147394.65,189320.06,164258.98
2/26/2018,36540.47,8458.55,2811.72,106664.34,142333.61,178150.36,122403.32,116249.98
10/21/2016,45207.95,10940.18,1523.77,82473.12,106684.16,111791.27,158556.05,93104.58
12/13/2017,26220.71,,,152771.28,93052.54,169276.19,85314.54,147705.94
1/5/2018,38343.39,1902.18,8026.37,132070.5,134044.93,142237.43,124300.08,134537.01
6/22/2016,27122.99,9559.56,2098.83,180184.53,139588.85,171667.08,94131.05,171288.88
6/27/2017,45001.38,7283.88,9103.56,114981.84,149412.03,147179.59,155158.53,152851.14
6/13/2017,44711.52,5727.07,9092.68,167010.57,123147.98,140334.83,160380.99,178427.46
8/8/2016,8296.72,898.57,1449.0,172249.13,158075.94,83113.12,168412.2,170284.78
7/15/2017,9744.92,1647.15,1820.49,154817.63,198145.84,108914.01,189279.39,136141.36
10/17/2016,14532.09,1322.13,1768.8,124605.25,154982.47,109317.44,82756.46,182059.32
9/13/2016,25700.3,9300.7,3146.67,116159.72,179969.83,185243.36,181130.96,173346.32
12/26/2016,39168.06,6838.66,3403.44,102025.66,186096.05,192142.75,179236.79,183703.53
3/14/2018,21470.02,8678.41,3326.07,172515.0,98934.0,,,135704.27
6/1/2017,37738.52,2698.67,4727.11,142294.32,154968.14,152188.37,152602.95,147088.81
3/18/2018,16978.85,7519.98,7574.15,159633.27,154447.11,125949.69,198402.69,151149.85
3/27/2017,45750.55,9167.48,1811.46,160022.0,139674.11,127741.96,171915.01,178437.49
1/27/2018,31142.34,8568.41,5538.08,150374.59,140910.95,87698.8,110879.41,183755.17
3/2/2017,32050.07,3833.22,5258.41,88273.32,104896.6,167219.15,98853.82,149665.52
4/14/2017,21134.26,10218.63,8948.45,144575.62,192047.07,,,108630.15
6/3/2017,43111.39,10957.44,2774.06,148176.26,139463.27,84842.18,173037.41,156146.27
10/18/2017,36814.9,729.6,7261.07,138523.19,100713.9,89451.88,106375.02,144790.2
10/16/2016,28375.73,6620.78,8097.99,138111.64,197183.59,143094.55,147392.36,102066.55
9/16/2017,43765.02,8664.95,7975.86,197238.93,134226.03,,,141327.93
1/26/2018,42581.0,3579.21,2943.05,162030.85,133708.54,143553.04,106229.0,178881.02
8/20/2017,42080.2,6573.02,9508.28,188865.28,99554.06,96146.49,92502.56,157023.01
10/22/2017,41055.84,6191.43,8068.7,92671.69,170378.56,,,144440.17
4/1/2018,49386.43,7609.62,7267.15,110528.11,150732.46,80183.86,120072.48,80537.57
3/17/2018,15917.21,706.64,3379.9,149325.0,100561.0,166920.59,160601.81,150366.91
2/6/2017,18573.47,8266.1,2355.14,192623.34,87615.02,191874.01,167828.79,175274.83
12/24/2017,28894.26,,,159887.0,130517.0,188655.26,141486.63,178905.64
7/16/2016,41422.07,4064.85,2931.28,107346.34,171050.51,134464.31,115569.42,117409.73
7/11/2016,21949.3,8780.5,1270.26,160728.29,120773.01,81720.39,113212.25,91399.9
8/1/2016,21191.31,10794.78,4454.99,135622.6,138106.67,135395.26,155890.5,167778.04
4/12/2018,13832.39,10250.42,1573.73,96052.25,172828.31,91636.71,95558.5,174956.63
12/29/2017,44481.83,8038.41,3905.33,125722.1,114652.79,156574.23,193579.37,83384.57
9/4/2016,31138.37,10160.85,1739.92,140262.13,194965.14,193431.25,171559.03,107870.89
2/15/2018,2709.1,6676.62,1139.3,122050.43,172897.04,132501.62,151294.84,161822.52
4/24/2017,3212.01,,,134918.12,92432.75,,,126388.24
3/25/2018,1089.9,1005.11,1743.19,153521.94,105066.22,151134.29,110266.37,197651.59
2/25/2017,29399.34,1791.43,6931.07,81397.23,185493.84,83688.94,86100.79,185464.93
2/23/2017,49015.42,7423.68,8402.7,180763.52,110932.23,126882.74,91960.78,156442.89
4/16/2017,19316.5,10232.96,2042.82,129201.06,175303.81,151698.94,178099.1,135682.77
3/22/2018,37379.15,3115.31,1507.91,170434.32,186371.87,130069.29,139622.79,174519.76
4/26/2018,41662.8,1371.5,6521.97,104380.52,91665.22,136535.08,152292.59,136578.76
3/13/2018,28515.87,4549.41,3753.57,99899.19,143212.79,155407.65,168529.85,86373.17
2/22/2017,21985.71,4082.34,8089.71,110421.51,176634.22,102012.07,134743.83,99277.72
10/15/2017,42501.01,10662.66,9897.38,117902.31,131565.28,126027.18,85023.46,164951.7
5/21/2018,48257.49,10972.87,1857.16,111943.89,180567.79,174158.76,160089.05,178673.02
12/27/2017,48053.15,6476.45,3510.4,85056.26,169098.03,167340.33,184738.87,105382.19
7/30/2017,27926.45,5092.4,1738.38,101733.76,90107.57,168810.17,140316.96,179667.27
12/3/2016,48010.63,9640.23,3577.15,120313.64,142892.0,179974.01,176092.55,176944.69
12/11/2016,25565.21,4117.4,9259.88,102386.56,180268.08,99551.15,100692.72,179458.86
5/17/2018,23848.1,6734.59,7197.26,183412.16,102369.98,172799.93,185047.41,172628.36
8/4/2017,4611.38,,,102171.19,140237.94,151210.87,139659.22,114202.75
1/16/2018,21330.25,7483.72,8750.04,112186.58,107477.94,83672.89,121998.51,101155.73
11/23/2017,36424.47,4251.49,9841.61,161111.12,197025.61,192952.34,114666.68,122193.76
2/20/2017,43175.85,3926.73,2245.14,107519.66,127115.36,109521.06,156905.76,103665.41
6/5/2016,27612.95,5751.01,9925.43,133780.84,151973.39,169972.67,181840.25,111682.9
7/12/2016,25545.56,,,129377.13,114102.89,147402.17,104800.62,178003.01
7/15/2017,32565.37,4357.08,8733.44,124147.58,144750.78,178167.29,109175.25,174232.9
11/13/2016,4067.18,5405.13,2797.93,159917.56,142898.81,173702.5,146375.17,150913.33
2/1/2018,25125.95,9495.45,4675.98,130564.2,86965.58,102979.64,101798.13,133891.83
7/24/2016,42414.86,2118.2,7486.14,126914.07,132273.08,175393.54,153977.3,104679.98
1/15/2017,27785.29,2568.47,7446.22,178285.18,183480.08,108218.48,145991.76,174036.38
5/19/2018,28432.59,3436.64,7076.88,90008.04,127376.2,142258.72,117068.32,138444.11
10/4/2016,3205.04,2148.76,2438.08,88218.55,162204.62,190317.09,159398.2,165238.96
10/3/2016,6858.28,,,158151.94,101555.03,174951.01,193405.78,85528.39
3/30/2017,7156.4,9565.52,5872.38,155650.91,122062.23,103588.49,139428.82,158465.95
6/14/2017,23551.76,8312.43,3480.16,148739.4,135422.21,117898.71,163925.0,93902.07
7/8/2017,17233.28,10575.67,5461.64,168935.62,116058.29,116902.1,108368.11,186910.34
8/23/2016,49865.59,11052.8,9604.24,134662.58,192700.18,94513.26,138592.83,164266.59
5/24/2016,15927.64,3483.37,8422.17,120209.56,112941.15,141163.92,174794.06,151742.93
6/3/2017,27595.67,1882.05,3313.51,190838.27,144680.79,187631.56,100143.89,121388.45
1/13/2018,22564.73,3540.79,5919.62,94921.0,172657.58,,,130903.92
1/17/2018,2302.11,8807.97,7731.22,103851.2,126258.44,112239.5,125358.51,135693.43
12/28/2017,16866.52,1800.44,7475.84,101765.49,176666.92,162184.01,127823.42,126622.64
2/5/2018,31453.77,9004.46,6653.52,136107.64,108149.16,190583.1,106437.11,189689.58
4/16/2017,42536.52,11405.89,5274.64,198476.93,160797.07,100653.19,137203.33,98764.5
6/20/2017,40522.48,996.47,1035.41,84694.24,155245.69,144554.1,110851.1,153486.2
7/16/2017,41949.26,4957.68,4788.6,94839.85,100944.74,84261.59,152845.8,97179.99
7/16/2017,20042.4,761.87,4554.89,96348.71,124663.74,146915.3,142304.06,195889.0
5/13/2018,8897.1,6601.57,9808.15,100383.45,100780.85,134037.81,170102.71,90095.37
12/5/2017,10788.5,8762.67,4897.98,140987.62,183074.8,137834.76,154549.0,139729.37
7/17/2017,45144.92,5672.7,2580.99,115454.17,138620.51,179907.41,197026.19,198656.47
10/11/2017,19466.96,7046.54,6172.41,120936.33,184877.85,130682.8,156749.41,190758.84
7/27/2017,19677.75,9008.44,9108.4,129039.09,121389.74,130475.73,186680.49,83024.33
5/20/2018,15123.92,1624.08,7761.47,94777.59,193763.0,158367.0,174665.68,111579.44
5/3/2017,26927.0,6747.64,2059.05,134735.86,128808.87,173257.18,111978.77,154408.3
1/30/2018,36739.03,741.03,1713.16,129287.25,172345.69,105877.11,198790.44,154951.42
2/13/2018,40673.73,11123.58,3256.32,116108.65,184375.35,199705.93,89934.53,125827.78
8/22/2017,44600.94,2741.58,2415.08,128962.07,125939.2,87583.14,153267.56,136403.0
8/9/2016,37956.86,4658.02,2323.8,179119.21,168571.3,133662.7,197845.06,99016.22
7/3/2016,16801.54,2773.61,3353.36,153534.89,96555.76,162362.83,137898.84,120533.0
12/24/2016,8497.95,1364.7,3878.13,131888.4,110049.63,171041.27,181898.6,158144.08
3/20/2017,29502.15,6788.89,7933.79,98576.55,101533.51,159654.45,179140.83,150676.48
2/28/2018,30745.01,,,193891.38,101702.06,117884.81,96824.62,116877.38
2/6/2018,45082.76,1661.89,2398.94,133224.43,89494.72,182797.92,158345.03,195306.68
9/12/2016,27600.68,553.51,6917.72,131968.02,132786.73,156683.7,159446.94,157719.9
1/17/2018,48443.83,5755.86,1493.23,148143.16,159883.26,178979.8,128980.49,194152.78
2/11/2017,46401.34,1536.03,8552.03,97917.61,158695.63,147682.73,187486.35,132657.32
5/26/2016,35498.77,3825.79,1456.57,149112.55,114475.02,140693.52,175945.74,143771.71
1/15/2018,39059.81,2898.6,6509.62,110636.02,85835.54,105738.32,125452.99,191340.51
12/17/2016,16305.33,3008.24,6690.75,142908.36,199956.96,,,188312.11
5/28/2017,32210.81,11444.39,7926.99,170108.43,165151.01,116928.08,126018.24,182706.15
2/15/2018,27684.33,,,89342.2,127232.02,101938.48,152924.89,81365.42
10/22/2016,23916.3,5591.89,8470.31,106905.99,140159.72,,,162617.29
11/9/2016,35041.85,11474.03,5235.08,174082.93,123427.73,139615.76,101171.05,119577.76
12/5/2016,16869.2,6569.13,7247.49,103251.85,177177.96,,,179365.78
7/13/2017,23171.34,7753.13,6857.91,81537.28,100451.79,132293.48,138430.9,152215.92
6/28/2017,37009.55,1882.81,8328.62,124403.27,110400.56,,,156717.84
9/13/2016,2892.24,10169.68,5671.01,96097.1,152710.9,110695.2,83664.49,123336.83
8/8/2016,15087.28,9911.44,8505.13,101834.36,164494.82,100848.61,155743.69,91716.64
11/1/2016,15874.07,6919.53,5357.88,111572.91,99725.49,193693.75,197837.0,105222.08
9/3/2017,43494.41,11785.89,7695.55,107467.1,94267.57,168697.79,119766.87,117458.55
4/21/2017,34412.33,2961.16,7949.94,128318.17,181152.6,134441.54,165153.0,107886.25
10/8/2016,20479.93,9767.66,5358.3,151771.27,174018.9,175327.92,97829.55,177734.81
2/12/2018,49317.42,11947.41,5680.57,122571.33,134673.37,,,192641.3
4/13/2018,24090.89,8784.12,8653.99,119037.23,135863.49,195168.97,173771.0,122592.27
8/22/2017,20833.36,10204.74,8000.61,86939.95,87911.74,175419.69,157863.01,88089.49
12/16/2016,4230.98,2687.62,5901.95,156585.75,176520.93,93707.89,142682.5,132634.53
2/11/2017,17907.68,10236.45,1442.88,122991.49,116912.16,160078.61,86244.52,133792.93
4/26/2017,3807.45,9355.3,3842.73,135947.51,124384.65,121597.35,131482.91,143934.17
2/18/2018,5630.63,,,85761.62,175206.51,196847.9,107819.32,173410.61
